Sequence,word1,word2,polarity
0,a,triumph,4
1,a,smart,4
2,a,cleverly,4
3,a,gem,4
4,a,nightmare,0
5,a,waste,0
6,absolute,joy,4
7,absolute,delight,4
8,absolutely,amazing,4
9,absurd,lengths,0
10,absurd,finale,0
11,absurdities,inconsistencies,0
12,absurdly,simplistic,0
13,accomplish,sequels,4
14,accomplished,work,4
15,accomplished,actress,4
16,acting,horribly,0
17,action,dazzling,4
18,admirable,quality,4
19,aggravating,tedious,0
20,aggressive,sincere,4
21,agonizing,bore,0
22,aimless,hodgepodge,0
23,almost,unbearably,0
24,also,rocks,4
25,also,unoriginal,0
26,always,entertaining,4
27,always,watchable,4
28,always,hilarious,4
29,always,enthralling,4
30,always,disappointing,0
31,amateurish,screenplay,0
32,amazing,slapstick,4
33,amazing,finesse,4
34,amazing,breakthrough,4
35,amazing,yes,4
36,amazingly,evocative,4
37,amazingly,successful,4
38,ambitious,failure,0
39,amiable,committed,4
40,amusing,characters,4
41,amusing,unpredictable,4
42,amusing,unsettling,4
43,an,unsophisticated,0
44,annoying,demeanour,0
45,annoying,thing,0
46,annoying,artificial,0
47,another,smash,4
48,another,classic,4
49,another,masterpiece,4
50,anyone,relate,4
51,anything,laughable,0
52,apartheid,drama,0
53,appalling,comedy,0
54,artificial,soulless,0
55,artistically,inept,0
56,astonish,entertain,4
57,astonishing,grandeur,4
58,astonishing,growth,4
59,astonishingly,pivotal,4
60,astonishingly,vivid,4
61,astounding,performance,4
62,astoundingly,rich,4
63,astronomically,bad,0
64,at,worst,0
65,attractive,movie,4
66,attractive,talented,4
67,attractive,throughout,4
68,authentic,core,4
69,average,thriller,4
70,award,winning,4
71,awe,inspiring,4
72,awe,affection,4
73,awesome,work,4
74,awful,snooze,0
75,awful,acts,0
76,awful,complications,0
77,awful,movie,0
78,awfulness,movie,0
79,baaaaaaaaad,movie,0
80,bad,bluescreen,0
81,bad,movie,0
82,bad,act,0
83,bad,film,0
84,bad,idea,0
85,bad,writing,0
86,bad,run,0
87,bad,choice,0
88,bad,baffling,0
89,bad,enough,0
90,bad,sitcom,0
91,bad,plot,0
92,bad,think,0
93,bad,cruel,0
94,bad,filmmaking,0
95,bad,direction,0
96,bad,imitation,0
97,bad,actress,0
98,bad,premise,0
99,bad,purpose,0
100,bad,cinema,0
101,bad,behavior,0
102,badder,bad,0
103,badly,edited,0
104,badly,rendered,0
105,banality,hypocrisy,0
106,barely,tolerable,0
107,barf,bag,0
108,beautiful,film,4
109,beautiful,watch,4
110,beautiful,canvas,4
111,beautiful,evocative,4
112,beautiful,women,4
113,beautiful,mysterious,4
114,beautifully,edited,4
115,beautifully,filmed,4
116,beautifully,made,4
117,beautifully,choreographed,4
118,beautifully,produced,4
119,beautifully,shot,4
120,beautifully,read,4
121,beautifully,designed,4
122,beautifully,realized,4
123,beauty,grace,4
124,beauty,behold,4
125,becomes,unwatchable,0
126,best,actor,4
127,best,films,4
128,best,kind,4
129,best,film,4
130,best,mature,4
131,best,pictures,4
132,best,movies,4
133,best,thing,4
134,best,exciting,4
135,best,years,4
136,best,short,4
137,best,work,4
138,best,story,4
139,best,sequel,4
140,best,performance,4
141,best,worlds,4
142,best,actors,4
143,better,film,4
144,better,predecessor,4
145,bewilderingly,brilliant,4
146,big,hearted,4
147,big,letdown,0
148,biggest,disappointments,0
149,bitter,end,0
150,blah,characters,0
151,blasphemous,nonsensical,0
152,blasphemous,bad,0
153,bleak,pessimistic,0
154,bogs,insignificance,0
155,bogus,story,0
156,bogus,profundities,0
157,bore,audiences,0
158,bore,athon,0
159,boredom,point,0
160,boring,movie,0
161,boring,man,0
162,boring,obvious,0
163,boring,pretentious,0
164,both,exuberantly,4
165,bottom,barrel,0
166,bottom,bill,0
167,brainless,flibbertigibbet,0
168,brash,intelligent,4
169,brave,sweetly,4
170,bravura,performance,4
171,breakthrough,filmmaking,4
172,breathtaking,landscapes,4
173,breathtaking,mystery,4
174,breathtaking,adventure,4
175,breathtakingly,spectacular,4
176,bright,future,4
177,bright,inventive,4
178,brilliant,macabre,4
179,brilliant,movie,4
180,brilliant,brutal,4
181,brilliant,piece,4
182,brilliant,performances,4
183,brilliant,director,4
184,brilliant,really,4
185,brilliant,touches,4
186,brilliantly,played,4
187,brilliantly,written,4
188,brisk,amusing,4
189,buoyant,feeling,4
190,burn,brain,0
191,caffeinated,sloppy,0
192,capable,nailbiter,4
193,captivating,drama,4
194,captivating,intimate,4
195,car,wreck,0
196,care,story,4
197,career,defining,4
198,career,best,4
199,careless,unfocused,0
200,carries,far,4
201,cash,sequel,0
202,cast,impressive,4
203,casual,fun,4
204,cat,meow,4
205,celebrated,wonder,4
206,celluloid,garbage,0
207,cerebral,likable,4
208,characteristically,complex,4
209,charge,money,0
210,charismatic,charmer,4
211,charming,witty,4
212,charming,evoking,4
213,charming,quirky,4
214,charming,quirks,4
215,charming,result,4
216,charming,funny,4
217,cheap,junk,0
218,child,abuse,0
219,child,pain,0
220,childhood,imagination,4
221,childlike,dimness,0
222,chilling,fascinating,4
223,choose,skip,0
224,choppy,sloppy,0
225,cinema,classic,4
226,cinemantic,flair,4
227,cinematic,perfection,4
228,cinematic,punishment,0
229,cinematic,disaster,0
230,cinematic,art,4
231,cinematic,pratfalls,0
232,cinematic,poetry,4
233,cinematography,atrocious,0
234,cinephile,feast,4
235,classic,satire,4
236,clear,point,4
237,clever,suspenseful,4
238,clever,unflinching,4
239,clever,unexpected,4
240,clever,insightful,4
241,clever,adaptation,4
242,clever,subtle,4
243,clever,funny,4
244,clever,script,4
245,clever,cutting,4
246,clueless,inept,0
247,cold,dead,0
248,cold,fish,0
249,comedic,bliss,4
250,comedy,death,0
251,comes,winningly,4
252,committed,dumbness,0
253,committed,performances,4
254,compelling,film,4
255,compelling,storyline,4
256,compelling,piece,4
257,compelling,motion,4
258,compelling,enough,4
259,compelling,sensitive,4
260,compelling,character,4
261,complete,waste,0
262,complete,mess,0
263,complete,shambles,0
264,complete,moron,0
265,completely,forgettable,0
266,completely,loveable,4
267,completely,satisfying,4
268,completely,ridiculous,0
269,completely,awful,0
270,completely,enlightening,4
271,completely,delightful,4
272,complex,honest,4
273,conceivable,mistake,0
274,conceptually,brilliant,4
275,confidently,orchestrated,4
276,confusing,drudgery,0
277,confusion,pain,0
278,congrats,disney,4
279,consider,perfection,4
280,considerable,talents,4
281,considerable,appeal,4
282,considerable,charm,4
283,considerable,wit,4
284,consistently,funny,4
285,consistently,delightful,4
286,constant,smiles,4
287,constantly,unfulfilling,0
288,contrived,nonsense,0
289,contrived,unmotivated,0
290,convincing,radiant,4
291,convincing,intelligence,4
292,convincing,portrayal,4
293,corniness,cliche,0
294,corny,conventions,0
295,crafty,intelligent,4
296,crap,like,0
297,crawl,embarrassment,0
298,creative,storytelling,4
299,creativity,fearlessness,4
300,credible,account,4
301,crisp,point,4
302,critic,proof,4
303,crowd,pleaser,4
304,crude,film,0
305,crude,storyline,0
306,crude,humor,0
307,cruel,fate,0
308,cult,classic,4
309,cut,rest,4
310,cute,animals,4
311,cutting,edge,4
312,damaged,goods,0
313,damn,fine,4
314,damned,wonderful,4
315,damned,compelling,4
316,damning,censure,0
317,daring,original,4
318,dark,decipherable,0
319,darkly,funny,4
320,dated,unfunny,0
321,dazzling,entertainment,4
322,deadly,dull,0
323,deadly,bore,0
324,decidedly,unoriginal,0
325,deeper,engaging,4
326,deeply,unpleasant,0
327,deeply,appealing,4
328,deeply,watchable,4
329,deeply,rightly,4
330,deeply,satisfying,4
331,defies,expectation,4
332,deftly,executed,4
333,delicate,clever,4
334,delight,senses,4
335,delightful,entree,4
336,delightful,work,4
337,delightful,cast,4
338,delightful,comedy,4
339,delightful,derivative,4
340,delightfully,cheeky,4
341,delightfully,charming,4
342,delightfully,compatible,4
343,delights,simmering,4
344,delivers,promise,4
345,depress,life,0
346,depressing,movie,0
347,depressing,entertaining,0
348,depressingly,retrograde,0
349,derived,lobotomy,0
350,derrida,useless,0
351,describe,bad,0
352,describing,badness,0
353,deserves,sequel,4
354,desiccated,talent,0
355,despairingly,awful,0
356,detailed,performances,4
357,devastating,flaw,0
358,die,already,0
359,die,hideously,0
360,difficult,endless,0
361,directed,barely,0
362,director,watch,4
363,disappointing,meandering,0
364,disappointingly,thin,0
365,disappointingly,generic,0
366,disappointment,coming,0
367,disaster,story,0
368,disastrous,ending,0
369,discomfort,embarrassment,0
370,disgust,indifference,0
371,disgusting,begin,0
372,dismissed,mindless,0
373,distinct,welcome,4
374,distinguished,actor,4
375,distinguished,thoughtful,4
376,distressingly,rote,0
377,disturbing,disregard,0
378,dizzily,gorgeous,4
379,doomed,smallness,0
380,dopey,dialogue,0
381,downright,intoxicating,4
382,doze,one,0
383,drab,inert,0
384,drab,wannabe,0
385,drag,mediocrity,0
386,dramatically,moving,4
387,dramatically,satisfying,4
388,dreadful,romance,0
389,dreamlike,ecstasy,4
390,dreamy,evocative,4
391,dreary,movie,0
392,dreary,mess,0
393,dreary,sluggish,0
394,drooling,idiots,0
395,drops,ball,0
396,drowned,boredom,0
397,drowns,sap,0
398,dull,unimaginative,0
399,dull,lifeless,0
400,dull,witted,0
401,dull,mechanical,0
402,dull,wooden,0
403,dull,girl,0
404,dullingly,repetitive,0
405,dumb,universe,0
406,dumb,cheesy,0
407,dumb,comedy,0
408,dumb,movie,0
409,eats,screen,4
410,edge,seat,4
411,edge,seats,4
412,effective,aspects,4
413,effective,film,4
414,effortless,performance,4
415,effortlessly,draws,4
416,eisenstein,delivers,4
417,elegant,film,4
418,elegant,entertainment,4
419,elegantly,produced,4
420,elephant,feces,0
421,eloquent,memorial,4
422,eloquent,clarity,4
423,emaciated,flick,0
424,emerges,best,4
425,eminently,forgettable,0
426,emotional,misery,0
427,emotional,film,4
428,emotionally,satisfying,4
429,emptiness,maddeningly,0
430,enchanting,film,4
431,endearing,masterful,4
432,endless,assault,0
433,endlessly,grotesquely,0
434,energetic,original,4
435,energy,excitement,4
436,engage,audience,4
437,engaging,storyline,4
438,engaging,film,4
439,engaging,fantasy,4
440,engaging,exciting,4
441,engaging,intimate,4
442,engrossing,story,4
443,engrossing,entertainment,4
444,engrossing,thriller,4
445,enjoy,lifetime,4
446,enjoy,movie,4
447,enjoyable,family,4
448,enjoyable,choice,4
449,enjoyable,releases,4
450,enjoyable,film,4
451,enjoyable,comedy,4
452,enjoyable,performances,4
453,enjoyably,top,4
454,enjoyed,much,4
455,enormous,feeling,4
456,enormously,entertaining,4
457,enormously,endearing,4
458,enormously,enjoyable,4
459,enormously,good,4
460,enough,freshness,4
461,entertain,ages,4
462,entertaining,suggestive,4
463,entertaining,moving,4
464,entertaining,thriller,4
465,entertaining,informative,4
466,entertaining,instructive,4
467,enthralling,drama,4
468,entirely,witless,0
469,entirely,humorless,0
470,entirely,memorable,4
471,entirely,successful,4
472,entirely,charming,4
473,entirely,wholesome,4
474,entirely,infantile,0
475,epic,adventure,4
476,epic,cinema,4
477,especially,fine,4
478,especially,disappointing,0
479,essentially,ruined,0
480,essentially,empty,0
481,ethereal,beauty,4
482,even,ludicrous,0
483,exactly,bad,0
484,exceeding,expectations,4
485,exceedingly,clever,4
486,exceedingly,pleasant,4
487,exceedingly,memorable,4
488,exceeds,expectations,4
489,excellent,music,4
490,excellent,cast,4
491,excellent,performances,4
492,excellent,use,4
493,excellent,storytelling,4
494,excellent,job,4
495,excellent,work,4
496,excellent,sequel,4
497,exceptional,thriller,4
498,exceptional,detail,4
499,exceptional,film,4
500,exceptional,performances,4
501,exceptionally,good,4
502,excessively,tiresome,0
503,excited,dvd,4
504,exciting,plot,4
505,exciting,clever,4
506,exciting,moviemaking,4
507,exclamation,point,4
508,excruciating,film,0
509,excruciating,end,0
510,excruciatingly,unfunny,0
511,excruciatingly,tedious,0
512,execution,skill,4
513,exhilarating,new,4
514,exhilarating,exploration,4
515,exhilarating,documentary,4
516,expert,thriller,4
517,explode,obnoxiously,0
518,exploitative,garbage,0
519,expressive,power,4
520,exquisite,acting,4
521,exquisitely,performed,4
522,extraordinarily,good,4
523,extraordinarily,talented,4
524,extraordinary,debut,4
525,extraordinary,poignancy,4
526,extraordinary,film,4
527,extraordinary,journalism,4
528,extremely,unpleasant,0
529,extremely,bad,0
530,extremely,competent,4
531,extremely,funny,4
532,extremely,talented,4
533,exuberance,passion,4
534,eye,catching,4
535,eye,popping,4
536,f,ed,0
537,fabulously,funny,4
538,fact,interesting,4
539,failing,ultimately,0
540,fails,entertain,0
541,fails,fascinate,0
542,failure,storytelling,0
543,fairly,disposable,0
544,fairly,slow,0
545,faithful,portraiture,4
546,fake,dishonest,0
547,fantastic,movie,4
548,fantastically,vital,4
549,far,entertaining,4
550,far,superior,4
551,far,appealing,4
552,farcical,loathsome,0
553,fascinating,performances,4
554,fascinating,portrait,4
555,fascinating,study,4
556,fascinating,experiment,4
557,fascinating,stories,4
558,fascinating,timely,4
559,fascinating,look,4
560,fascinating,documentary,4
561,fascinating,film,4
562,fat,dumb,0
563,fatally,overlong,0
564,favorite,musical,4
565,feast,eyes,4
566,feel,alive,4
567,feel,unclean,0
568,fell,apart,0
569,fiery,passion,4
570,fills,revulsion,0
571,film,must,4
572,film,nothing,0
573,find,uninteresting,0
574,fine,acting,4
575,fine,effort,4
576,fine,work,4
577,fine,actors,4
578,fine,music,4
579,fine,documentary,4
580,fine,performances,4
581,fine,production,4
582,finely,crafted,4
583,finely,written,4
584,finest,films,4
585,firing,cylinders,4
586,first,rate,4
587,flat,effort,0
588,flat,amusing,4
589,flavorful,performances,4
590,flawed,brilliant,4
591,flawed,film,0
592,flawed,delayed,0
593,flawless,film,4
594,fleetingly,interesting,4
595,fling,gags,0
596,flinging,feces,0
597,flopped,surely,0
598,fluffy,disposible,0
599,fluid,mesmerizing,4
600,folds,thinness,0
601,fontaine,masterfully,4
602,foolish,shallow,0
603,forced,usual,0
604,foreign,mush,0
605,forgettable,film,0
606,formulaic,forgettable,0
607,four,star,4
608,frequently,hilarious,4
609,fresh,view,4
610,fresh,absorbing,4
611,friendship,love,4
612,frightening,movies,4
613,frighteningly,fascinating,4
614,frustrating,patchwork,0
615,frustratingly,unconvincing,0
616,fudged,opportunity,0
617,full,potential,4
618,full,bodied,4
619,full,charm,4
620,full,grace,4
621,fully,successful,4
622,fun,enjoyable,4
623,funnier,anything,4
624,funniest,idea,4
625,funniest,jokes,4
626,funniest,film,4
627,funniest,accurate,4
628,funny,documentary,4
629,funny,enjoyable,4
630,funny,poignant,4
631,funny,pithy,4
632,funny,film,4
633,funny,touching,4
634,funny,triumphant,4
635,funny,smart,4
636,funny,thrill,4
637,funny,sequences,4
638,funny,weird,4
639,gags,puerile,0
640,generic,title,0
641,generous,deep,4
642,genial,decent,4
643,genre,busting,4
644,genuine,insight,4
645,genuine,laughs,4
646,genuine,depth,4
647,genuine,narrative,4
648,genuine,excitement,4
649,genuinely,satisfying,4
650,genuinely,witty,4
651,genuinely,inspirational,4
652,genuinely,good,4
653,genuinely,sweet,4
654,give,thumbs,0
655,glaring,unforgettable,4
656,glorified,episode,0
657,glorious,spectacle,4
658,glorious,dose,4
659,glued,screen,4
660,golden,book,4
661,good,fun,4
662,good,time,4
663,good,natured,4
664,good,cinema,4
665,good,job,4
666,good,movie,4
667,good,romance,4
668,good,shot,4
669,good,human,4
670,good,humor,4
671,good,performances,4
672,good,material,4
673,good,acting,4
674,good,one,4
675,good,laugh,4
676,good,performance,4
677,good,film,4
678,good,action,4
679,good,pace,4
680,good,remember,4
681,good,thing,4
682,good,spirits,4
683,good,reasons,4
684,gorgeous,look,4
685,gorgeous,visuals,4
686,gorgeous,locales,4
687,gorgeous,scenes,4
688,gorgeous,passionate,4
689,gorgeous,film,4
690,gorgeous,epic,4
691,graceful,moving,4
692,graceless,devoid,0
693,graceless,hackneyed,0
694,grand,picture,4
695,grand,failure,0
696,grating,tedious,0
697,great,acting,4
698,great,movie,4
699,great,fun,4
700,great,impression,4
701,great,one,4
702,great,film,4
703,great,look,4
704,great,credit,4
705,great,cast,4
706,great,idea,4
707,great,actors,4
708,great,time,4
709,great,pleasure,4
710,great,way,4
711,great,material,4
712,great,character,4
713,great,presence,4
714,great,kids,4
715,great,cinema,4
716,great,performances,4
717,great,rewards,4
718,great,director,4
719,great,script,4
720,great,story,4
721,great,piece,4
722,great,premise,4
723,great,performance,4
724,great,writer,4
725,greatest,triumph,4
726,greatest,adventure,4
727,greatest,play,4
728,greatest,mistake,0
729,greatest,pictures,4
730,greatest,films,4
731,greatest,hits,4
732,gripping,compelling,4
733,gripping,documentary,4
734,gripping,drama,4
735,grisly,corpse,0
736,gross,comedy,0
737,grossest,movie,0
738,grotesque,boring,0
739,grotesque,narcissism,0
740,groundbreaking,endeavor,4
741,hackneyed,meanspirited,0
742,halfwit,plot,0
743,hallmark,film,4
744,happy,seen,4
745,hardly,watchable,0
746,hardly,masterpiece,0
747,hastily,amateurishly,0
748,hate,lousy,0
749,hate,one,0
750,hated,morning,0
751,heart,warming,4
752,heartbreakingly,beautiful,4
753,heartfelt,story,4
754,heartfelt,comedy,4
755,heartfelt,romance,4
756,heartfelt,hilarious,4
757,hearts,gold,4
758,heartwarming,film,4
759,heck,ride,4
760,hideously,clumsily,0
761,high,hilarity,4
762,high,note,4
763,highest,performances,4
764,highest,order,4
765,highly,pleasurable,4
766,highly,watchable,4
767,highly,entertaining,4
768,hilarious,dialogue,4
769,hilarious,rrb,4
770,hilarious,adventure,4
771,hilarious,ode,4
772,hip,comedy,4
773,historically,significant,4
774,hollywood,magic,4
775,hollywood,fluff,0
776,home,alabama,4
777,honest,enjoyable,4
778,honest,performance,4
779,honest,performances,4
780,honestly,affecting,4
781,honestly,nice,4
782,hopeful,optimistic,4
783,horrendously,confusing,0
784,horrible,movie,0
785,horrible,terrible,0
786,horrible,pains,0
787,horribly,depressing,0
788,horribly,wrong,0
789,huge,heart,4
790,huge,mess,0
791,huge,fan,4
792,hugely,overwritten,0
793,hugely,rewarding,4
794,hugely,enjoyable,4
795,humane,important,4
796,humanity,people,4
797,humor,humanity,4
798,humor,throughout,4
799,humor,warmth,4
800,humorous,heartfelt,4
801,huppert,magnificent,4
802,hypnotically,dull,0
803,i,entranced,4
804,i,enjoyed,4
805,i,hate,0
806,icily,brilliant,4
807,idiotic,ugly,0
808,ill,constructed,0
809,ill,conceived,0
810,imagination,vivid,4
811,imaginative,successful,4
812,imitation,movie,0
813,immature,unappealing,0
814,immensely,appealing,4
815,immensely,enjoyable,4
816,immensely,entertaining,4
817,impeccable,throughout,4
818,impenetrable,dull,0
819,important,movie,4
820,important,exhilarating,4
821,impossible,sit,0
822,impressive,images,4
823,impressive,achievement,4
824,impressive,talent,4
825,impressive,roster,4
826,impressive,style,4
827,impressive,results,4
828,impressive,job,4
829,impressive,performances,4
830,inane,awful,0
831,inane,unimaginative,0
832,incessant,use,0
833,incessant,whining,0
834,incoherence,redundancy,0
835,incoherent,jumble,0
836,inconsistent,dishonest,0
837,incredible,storyline,4
838,incredibly,captivating,4
839,incredibly,thoughtful,4
840,incredibly,inane,0
841,indescribably,bad,0
842,induces,headaches,0
843,indulgently,entertaining,4
844,inept,tedious,0
845,inescapably,gorgeous,4
846,inexcusable,dumb,0
847,inexplicable,nightmare,0
848,infectious,enthusiasm,4
849,infectiously,enthusiastic,4
850,infuriating,film,0
851,ingenious,film,4
852,ingenious,fun,4
853,ingenious,often,4
854,inherently,funny,4
855,innovative,realistic,4
856,insanely,funny,4
857,insanely,stupid,0
858,insanely,hilarious,4
859,insight,humor,4
860,insightful,entertaining,4
861,insightfully,written,4
862,insipid,script,0
863,insistent,repetitive,0
864,inspirational,status,4
865,inspired,portrait,4
866,inspired,performance,4
867,inspiring,ironic,4
868,inspiring,tale,4
869,instantly,forgettable,0
870,insufferable,movie,0
871,insufferably,naive,0
872,intellectual,masterpieces,4
873,intelligent,moving,4
874,intelligent,screenplay,4
875,intelligent,deeply,4
876,intelligent,humor,4
877,intelligent,movie,4
878,intelligent,flick,4
879,intelligently,accomplished,4
880,intense,effective,4
881,interesting,meditation,4
882,interesting,likable,4
883,interesting,movie,4
884,interesting,thoroughly,4
885,interminably,bleak,0
886,intermittently,hilarious,4
887,intimate,intelligent,4
888,intoxicating,atmosphere,4
889,intricate,magic,4
890,intriguing,stylish,4
891,intriguing,story,4
892,intriguing,alluring,4
893,intriguing,honorable,4
894,intriguing,realistic,4
895,intriguing,curiosity,4
896,inventive,fun,4
897,inventive,director,4
898,involving,mess,0
899,irredeemably,awful,0
900,irresistible,blend,4
901,irritates,saddens,0
902,it,fun,4
903,it,faults,0
904,jovial,air,4
905,joy,energy,4
906,joyous,documentary,4
907,joyous,celebration,4
908,jumbled,mess,0
909,keener,marvelous,4
910,keep,attention,4
911,kind,terrific,4
912,laborious,pacing,0
913,labour,love,4
914,lacking,everything,0
915,lacking,substance,0
916,lackluster,best,0
917,lackluster,screenplay,0
918,lacks,originality,0
919,lacks,substance,0
920,lags,badly,0
921,lame,sophomoric,0
922,lame,story,0
923,lame,comedy,0
924,laugh,bad,0
925,laughed,hard,4
926,laughingly,enjoyable,4
927,lavish,grandeur,4
928,laziness,arrogance,0
929,lazy,movie,0
930,lazy,material,0
931,lazy,writing,0
932,leaden,dull,0
933,leaden,predictable,0
934,leave,wanting,4
935,leave,loser,0
936,leonine,power,4
937,less,adorable,0
938,less,fresh,0
939,less,thrilling,0
940,life,performances,4
941,like,hell,0
942,like,it,4
943,like,masterpiece,4
944,lines,work,4
945,listless,witless,0
946,listless,desultory,0
947,little,gem,4
948,loathsome,movie,0
949,long,tedious,0
950,long,bore,0
951,long,unfocused,0
952,long,cutesy,0
953,loopy,ludicrous,0
954,losing,lunch,0
955,lot,charm,4
956,lot,problems,0
957,lots,laughs,4
958,lots,sloppiness,0
959,loud,boring,0
960,lousy,way,0
961,lousy,script,0
962,lousy,movie,0
963,lousy,one,0
964,love,much,4
965,love,film,4
966,love,movie,4
967,love,music,4
968,love,liza,4
969,love,power,4
970,love,remembrance,4
971,loved,film,4
972,lovely,trifle,4
973,lovely,film,4
974,lovely,amazing,4
975,lovely,beautifully,4
976,low,brow,0
977,ludicrous,attempt,0
978,ludicrous,contrived,0
979,ludicrous,film,0
980,lulled,coma,0
981,luminous,interviews,4
982,lush,inventive,4
983,lyrical,endeavour,4
984,made,exhilarating,4
985,made,cheap,0
986,magnetic,performance,4
987,majestic,achievement,4
988,major,waste,0
989,make,charmer,4
990,makes,compelling,4
991,many,flaws,0
992,marvelous,film,4
993,marvelous,series,4
994,marvelously,entertaining,4
995,masterful,work,4
996,masterful,performances,4
997,masterfully,controlled,4
998,masterfully,calibrated,4
999,masterpiece,triumph,4
1000,mayhem,stupidity,0
1001,meandering,confusing,0
1002,meandering,pointless,0
1003,meaningful,cinema,4
1004,mediocre,love,0
1005,mediocre,end,0
1006,memorable,film,4
1007,memorable,resourceful,4
1008,merely,bad,0
1009,mesmerizing,music,4
1010,mesmerizing,one,4
1011,mesmerizing,performance,4
1012,messy,murky,0
1013,messy,frustrating,0
1014,mindless,boring,0
1015,miraculous,movie,4
1016,miscalculates,badly,0
1017,miss,altogether,0
1018,modest,masterpiece,4
1019,monumental,achievement,4
1020,moronic,campus,0
1021,moronic,screenplays,0
1022,mostly,admirable,4
1023,mostly,bore,0
1024,move,bond,4
1025,movie,failings,0
1026,movie,bad,0
1027,movie,class,4
1028,movie,hopeless,0
1029,movie,disaster,0
1030,moving,adventurous,4
1031,moving,experience,4
1032,moving,important,4
1033,moving,vibrant,4
1034,moving,revelatory,4
1035,moving,performance,4
1036,mtv,schmucks,0
1037,much,fun,4
1038,much,worth,4
1039,much,exploitation,0
1040,much,imagination,4
1041,muddled,trashy,0
1042,mundane,70s,0
1043,must,see,4
1044,mystery,devoid,0
1045,n,like,0
1046,n,cut,0
1047,n,bother,0
1048,n,bad,0
1049,n,good,0
1050,n,made,0
1051,n,interesting,0
1052,n,work,0
1053,n,bright,0
1054,namesake,proud,4
1055,narrative,banality,0
1056,natural,acting,4
1057,naturally,funny,4
1058,naturally,charming,4
1059,near,masterpiece,4
1060,nearly,epic,4
1061,nearly,impossible,4
1062,nearly,dreadful,0
1063,nearly,incoherent,0
1064,never,fresh,0
1065,never,boring,4
1066,new,kind,4
1067,new,treasure,4
1068,nice,album,4
1069,no,point,0
1070,no,1,4
1071,no,character,0
1072,no,substance,0
1073,nominated,oscar,4
1074,none,original,0
1075,none,equal,4
1076,nonstop,hoot,4
1077,not,missed,4
1078,not,good,0
1079,not,smart,0
1080,not,entertaining,0
1081,not,funny,0
1082,nothing,new,0
1083,nothing,net,4
1084,nothing,happening,0
1085,numbingly,dull,0
1086,obscenely,bad,0
1087,obscure,message,0
1088,oddly,humorous,4
1089,odoriferous,thing,0
1090,offensive,redundant,0
1091,offensive,thing,0
1092,often,exquisite,4
1093,often,hilarious,4
1094,often,boring,0
1095,often,preachy,0
1096,often,fun,4
1097,often,funny,4
1098,oftentimes,funny,4
1099,old,garbage,0
1100,old,crap,0
1101,one,best,4
1102,one,star,0
1103,one,smartest,4
1104,one,splendid,4
1105,one,finest,4
1106,oppressively,heavy,0
1107,ordeal,amusement,0
1108,ordinary,obvious,0
1109,original,talent,4
1110,original,ignored,4
1111,original,insightful,4
1112,oscar,winning,4
1113,oscar,sweeping,4
1114,oscar,worthy,4
1115,oscar,nominated,4
1116,otherwise,appalling,0
1117,outrageous,ingenious,4
1118,outstanding,thrillers,4
1119,outstanding,originality,4
1120,outstanding,soundtrack,4
1121,outstanding,director,4
1122,outstanding,performance,4
1123,outwardly,sexist,0
1124,overexposed,waste,0
1125,overlong,infomercial,0
1126,overlong,bombastic,0
1127,overly,long,0
1128,overplayed,exaggerated,0
1129,overstuffed,undernourished,0
1130,overweight,shape,0
1131,overwhelmed,predictability,0
1132,overwhelming,waste,0
1133,overwhelming,pleasure,4
1134,overwrought,existentialism,0
1135,painful,watch,0
1136,painful,ride,0
1137,painfully,slow,0
1138,painfully,flat,0
1139,painfully,bad,0
1140,painfully,awful,0
1141,painfully,unfunny,0
1142,particularly,good,4
1143,particularly,innovative,4
1144,particularly,engaging,4
1145,pass,stinker,0
1146,passion,genius,4
1147,passion,energy,4
1148,passion,pretence,4
1149,pathetic,idea,0
1150,pathetic,junk,0
1151,patiently,waiting,4
1152,perfect,performance,4
1153,perfect,balance,4
1154,perfect,medium,4
1155,perfect,material,4
1156,perfect,roles,4
1157,perfect,movie,4
1158,perfect,show,4
1159,perfectly,bland,0
1160,perfectly,pleasant,4
1161,perfectly,formed,4
1162,performance,masterly,4
1163,performances,worthwhile,4
1164,performances,careers,4
1165,personal,low,0
1166,pertinent,enduring,4
1167,perverse,element,0
1168,phenomenal,especially,4
1169,phenomenal,performances,4
1170,phlegmatic,bore,0
1171,phony,humility,0
1172,picture,perfect,4
1173,picture,cleverness,4
1174,piece,crap,0
1175,pitiful,directing,0
1176,pitifully,unromantic,0
1177,pity,terror,0
1178,place,masterpiece,4
1179,plain,bad,0
1180,plain,crap,0
1181,plain,silly,0
1182,plain,boring,0
1183,plain,dumb,0
1184,plain,irrelevant,0
1185,plain,awful,0
1186,playful,recapitulation,4
1187,playful,haunting,4
1188,playfully,profound,4
1189,plays,worse,0
1190,pleasant,start,4
1191,pleasing,verisimilitude,4
1192,pleasurable,trifle,4
1193,pleasure,watch,4
1194,plenty,fun,4
1195,plenty,laughs,4
1196,plodding,mess,0
1197,plodding,picture,0
1198,plotless,shapeless,0
1199,plotting,mindless,0
1200,poetic,heartbreaking,4
1201,poetic,imagery,4
1202,poetry,motion,4
1203,poignant,delicately,4
1204,poignant,funny,4
1205,point,nausea,0
1206,point,ridiculousness,0
1207,pointless,extremes,0
1208,pointless,meandering,0
1209,pointless,stupid,0
1210,pokemon,4ever,4
1211,pomposity,pretentiousness,0
1212,pompous,garbled,0
1213,ponderous,charmless,0
1214,poor,acting,0
1215,poor,quality,0
1216,poor,remake,0
1217,poorly,scripted,0
1218,poorly,dubbed,0
1219,poorly,acted,0
1220,poorly,staged,0
1221,portray,convincingly,4
1222,positive,impression,4
1223,positively,dreadful,0
1224,potent,riveting,4
1225,power,fantasy,4
1226,powerful,moving,4
1227,powerful,sequel,4
1228,powerful,revelatory,4
1229,powerful,direction,4
1230,powerful,documentary,4
1231,powerful,success,4
1232,powerful,provocative,4
1233,powerful,universal,4
1234,powerful,drama,4
1235,powerful,performance,4
1236,powerfully,evocative,4
1237,predecessors,proud,4
1238,predictable,tides,0
1239,prepare,marvel,4
1240,preposterous,prurient,0
1241,pretentious,mess,0
1242,pretty,enjoyable,4
1243,pretty,gifted,4
1244,pretty,stupid,0
1245,pristine,camerawork,4
1246,probably,love,4
1247,probably,like,4
1248,profound,cinema,4
1249,profound,characterizations,4
1250,profoundly,stupid,0
1251,prolonged,boring,0
1252,proves,compelling,4
1253,provocative,drama,4
1254,provocative,prescient,4
1255,provocative,piece,4
1256,psychologically,savvy,4
1257,pulling,heartstrings,4
1258,punishable,chainsaw,0
1259,pure,finesse,4
1260,pure,entertainment,4
1261,pure,wankery,0
1262,pure,adrenalin,4
1263,purely,enjoyable,4
1264,put,sleep,0
1265,put,torture,0
1266,puttingly,cold,0
1267,quality,cinema,4
1268,quickly,forgettable,0
1269,quite,appealing,4
1270,quite,funny,4
1271,quite,good,4
1272,quite,beautiful,4
1273,quite,unengaging,0
1274,quite,admirable,4
1275,quite,touching,4
1276,quite,nosedive,0
1277,ranges,bad,0
1278,rare,treat,4
1279,rare,quality,4
1280,rare,riveting,4
1281,rather,beautiful,4
1282,rather,special,4
1283,rather,brilliant,4
1284,rating,zero,0
1285,raucously,amusing,4
1286,real,winner,4
1287,real,masterpiece,4
1288,real,charmer,4
1289,real,strength,4
1290,real,filmmaker,4
1291,real,shame,0
1292,real,snooze,0
1293,real,amusing,4
1294,really,funny,4
1295,really,good,4
1296,really,bad,0
1297,really,stupid,0
1298,really,awful,0
1299,really,horrible,0
1300,really,heart,4
1301,recipe,inspiring,4
1302,redundancy,unsuccessful,0
1303,redundant,sloppy,0
1304,reflective,beautifully,4
1305,refreshingly,realistic,4
1306,refreshingly,different,4
1307,relationships,wonderful,4
1308,relative,letdown,0
1309,relatively,flavorless,0
1310,relentlessly,nasty,0
1311,relentlessly,depressing,0
1312,remarkable,feat,4
1313,remarkable,performances,4
1314,remarkable,performance,4
1315,remarkable,memorable,4
1316,remarkable,skill,4
1317,remarkable,film,4
1318,remarkable,novel,4
1319,remarkable,piece,4
1320,remarkable,movie,4
1321,remarkably,original,4
1322,remarkably,mature,4
1323,rendered,tedious,0
1324,rendered,clarity,4
1325,repellantly,control,0
1326,repugnant,adaptation,0
1327,repulsive,depressing,0
1328,resolutely,unamusing,0
1329,resonant,gem,4
1330,restrictive,chaotic,0
1331,result,disappointing,0
1332,retread,story,0
1333,rich,performances,4
1334,rich,intelligent,4
1335,richly,rewarded,4
1336,ridiculous,dialog,0
1337,ridiculousness,premise,0
1338,right,elements,4
1339,rises,superficiality,4
1340,riveted,seats,4
1341,riveting,documentary,4
1342,riveting,performances,4
1343,robert,duvall,4
1344,rollicking,adventure,4
1345,rolling,graves,0
1346,rousing,success,4
1347,rrb,gorgeous,4
1348,rude,profane,0
1349,ruined,amateurish,0
1350,run,lives,0
1351,run,course,0
1352,runaway,success,4
1353,rush,theatre,4
1354,sabotaged,pomposity,0
1355,sad,nonsense,0
1356,sad,sack,0
1357,sadly,dull,0
1358,sappy,amateurish,0
1359,satisfying,destination,4
1360,savory,hilarious,4
1361,savvy,compelling,4
1362,scarcely,worth,0
1363,scathingly,witty,4
1364,scenic,splendor,4
1365,schmaltzy,clumsily,0
1366,scooby,n,0
1367,screen,magic,4
1368,screenplay,die,4
1369,scummy,ripoff,0
1370,secondhand,material,0
1371,see,movie,4
1372,see,twice,4
1373,seeing,bad,0
1374,seem,fresh,4
1375,self,destructiveness,0
1376,sensuous,spirited,4
1377,serious,thoughtful,4
1378,seriously,compromised,0
1379,seriously,dumb,0
1380,seriously,bad,0
1381,serviceable,worst,0
1382,severe,flaws,0
1383,sexy,rousing,4
1384,shabby,script,0
1385,shallow,glib,0
1386,sharp,original,4
1387,sharp,comedy,4
1388,sharply,comic,4
1389,sheer,ugliness,0
1390,sheer,dumbness,0
1391,sheerly,beautiful,4
1392,shimmering,cinematography,4
1393,shimmeringly,lovely,4
1394,shines,characters,4
1395,shining,performance,4
1396,shockingly,bad,0
1397,shoddy,product,0
1398,shoot,head,0
1399,shooting,foot,0
1400,shortness,disappoints,0
1401,sick,demented,0
1402,sickly,sweet,0
1403,sight,behold,4
1404,silly,gross,0
1405,simply,astounding,4
1406,simply,brilliant,4
1407,simply,unbearable,0
1408,simultaneously,funny,4
1409,sincere,performance,4
1410,skillful,filmmaker,4
1411,skip,turd,0
1412,skip,film,0
1413,skip,dreck,0
1414,slack,complacency,0
1415,slam,dunk,4
1416,slapdash,disaster,0
1417,slapdash,mess,0
1418,sleazy,moralizing,0
1419,sleek,arty,4
1420,sloppily,written,0
1421,sloppy,plotting,0
1422,sloppy,uneven,0
1423,slow,death,0
1424,slowed,stroke,0
1425,slyly,exquisite,4
1426,smart,movie,4
1427,smart,funny,4
1428,smart,sassy,4
1429,smart,compelling,4
1430,smart,fun,4
1431,smartly,written,4
1432,smashing,success,4
1433,smug,convoluted,0
1434,snail,pace,0
1435,sneak,theater,0
1436,so,boring,0
1437,so,bland,0
1438,soggy,potboiler,0
1439,solid,piece,4
1440,solid,cast,4
1441,solid,execution,4
1442,solid,success,4
1443,solid,movie,4
1444,solidly,entertaining,4
1445,some,inventive,4
1446,something,special,4
1447,something,everyone,4
1448,something,triumph,4
1449,something,cool,4
1450,sometimes,gem,4
1451,somnambulant,exercise,0
1452,soon,forgettable,0
1453,sooooo,tired,0
1454,sophisticated,performance,4
1455,sophisticated,wit,4
1456,sordid,disgusting,0
1457,soulful,gravity,4
1458,soulful,development,4
1459,sound,dull,0
1460,sparkling,beauty,4
1461,spectacularly,well,4
1462,spectacularly,beautiful,4
1463,spectacularly,outrageous,4
1464,spellbinding,fun,4
1465,splendid,performances,4
1466,splendid,job,4
1467,splendid,actors,4
1468,splendid,meal,4
1469,splendid,singing,4
1470,splendid,looking,4
1471,staggeringly,boring,0
1472,stale,uninspired,0
1473,standout,performance,4
1474,star,charisma,4
1475,star,performance,4
1476,starts,bad,0
1477,stay,away,0
1478,stellar,performance,4
1479,still,terrible,0
1480,still,charming,4
1481,still,see,4
1482,stilted,unconvincing,0
1483,stilted,dialogue,0
1484,stinks,start,0
1485,stocked,talent,4
1486,striking,style,4
1487,string,bastard,0
1488,strong,filmmaking,4
1489,strong,unforced,4
1490,strong,thumbs,4
1491,strong,funny,4
1492,strong,performances,4
1493,strut,stuff,4
1494,stuffy,full,0
1495,stunning,architecture,4
1496,stunning,animation,4
1497,stunning,film,4
1498,stunningly,unoriginal,0
1499,stupid,sequel,0
1500,stupid,pointless,0
1501,stupid,annoying,0
1502,stuttering,script,0
1503,stylish,surprises,4
1504,sublimely,beautiful,4
1505,subtle,richly,4
1506,succeed,cheapening,0
1507,succeeds,entertaining,4
1508,successful,one,4
1509,sumptuous,work,4
1510,super,stupid,0
1511,superb,performance,4
1512,superb,performances,4
1513,superb,actors,4
1514,superb,performers,4
1515,superficial,unrealized,0
1516,superfluous,sequel,0
1517,superior,cast,4
1518,superior,plotline,4
1519,superior,movie,4
1520,supremely,hopeful,4
1521,supremely,good,4
1522,surefire,casting,4
1523,surehanded,direction,4
1524,surprising,winner,4
1525,surprisingly,brilliant,4
1526,surprisingly,enjoyable,4
1527,surprisingly,well,4
1528,surprisingly,dull,0
1529,surprisingly,refreshing,4
1530,surprisingly,entertaining,4
1531,sustains,beautifully,4
1532,sweet,modest,4
1533,sweet,charming,4
1534,sweet,romantic,4
1535,sweet,time,4
1536,sweet,enjoyable,4
1537,sweet,genuine,4
1538,sweetest,thing,4
1539,sweetly,adventurous,4
1540,swept,away,4
1541,swept,invincible,4
1542,talent,undeniable,4
1543,talented,enough,4
1544,talented,director,4
1545,talked,way,0
1546,tasty,sweet,4
1547,tawdry,trash,0
1548,technical,triumph,4
1549,technically,superb,4
1550,tedious,picture,0
1551,tediously,exasperating,0
1552,tediously,bad,0
1553,tender,touching,4
1554,terrible,movie,0
1555,terrible,story,0
1556,terrible,adaptation,0
1557,terrible,film,0
1558,terribly,obvious,0
1559,terribly,wasted,0
1560,terribly,monotonous,0
1561,terrific,performance,4
1562,terrific,effort,4
1563,terrific,rachel,4
1564,terrific,job,4
1565,terrific,casting,4
1566,terrific,men,4
1567,terrific,look,4
1568,terrific,story,4
1569,terrific,documentaries,4
1570,terrific,setpieces,4
1571,terrific,performances,4
1572,terrific,film,4
1573,terrific,role,4
1574,terrific,screenplay,4
1575,terrifically,entertaining,4
1576,terrifying,message,0
1577,terrorist,attacks,0
1578,there,epic,4
1579,things,frustrating,0
1580,think,zzzzzzzzz,0
1581,thoroughly,engrossing,4
1582,thoroughly,unrewarding,0
1583,thoroughly,enjoyable,4
1584,thoroughly,dull,0
1585,thoroughly,awful,0
1586,thoroughly,involving,4
1587,thoroughly,entertaining,4
1588,thoroughly,satisfying,4
1589,thought,provoking,4
1590,thoughtful,brimming,4
1591,thoughtful,reverent,4
1592,thrill,ride,4
1593,thrill,touch,4
1594,thumbs,paxton,4
1595,time,low,0
1596,time,stinker,0
1597,timeless,spectacle,4
1598,timeless,unique,4
1599,tired,predictable,0
1600,tiresome,ugliness,0
1601,tiresomely,simpleminded,0
1602,told,retold,0
1603,tonally,uneven,0
1604,too,bland,0
1605,too,predictably,0
1606,top,amateurish,0
1607,top,world,4
1608,top,notch,4
1609,topnotch,foursome,4
1610,torrent,emotion,4
1611,total,misfire,0
1612,total,loss,0
1613,totally,overwrought,0
1614,touching,film,4
1615,touching,funny,4
1616,touching,tender,4
1617,tragic,waste,0
1618,train,wreck,0
1619,transcendent,performance,4
1620,transfixes,audience,4
1621,trash,cinema,0
1622,tremendous,promise,4
1623,tremendous,skill,4
1624,tremendous,chemistry,4
1625,tremendously,moving,4
1626,trifecta,badness,0
1627,triumph,imagination,4
1628,triumphant,performances,4
1629,trove,delights,4
1630,truly,magical,4
1631,truly,terrible,0
1632,truly,gorgeous,4
1633,truly,wonderful,4
1634,truly,bad,0
1635,truly,awful,0
1636,truly,funny,4
1637,truly,excellent,4
1638,truly,good,4
1639,turd,squashed,0
1640,ugly,revolting,0
1641,ugly,fast,0
1642,ugly,mindless,0
1643,ugly,destructive,0
1644,ugly,irritating,0
1645,ugly,behavior,0
1646,ultimate,thrills,4
1647,ultimate,demise,0
1648,ultimately,delivers,4
1649,ultimately,satisfying,4
1650,ultimately,insignificant,0
1651,ultimately,fails,0
1652,ultimately,lifeless,0
1653,ultimately,unsatisfying,0
1654,ultimately,pointless,0
1655,um,no,0
1656,unattractive,odorous,0
1657,unbalanced,mixture,0
1658,unbearably,beautiful,4
1659,unbearably,dull,0
1660,unbearably,lame,0
1661,unbelievably,stupid,0
1662,uncharted,depths,4
1663,undeniable,energy,4
1664,undeniably,intriguing,4
1665,undeniably,moving,4
1666,undeniably,gorgeous,4
1667,undernourished,plodding,0
1668,undoubtedly,enjoy,4
1669,unembarrassing,unmemorable,0
1670,unexpectedly,moving,4
1671,unexpectedly,sweet,4
1672,unforgettable,characters,4
1673,unforgettably,stupid,0
1674,unforgivingly,inconsistent,0
1675,unfunny,wannabe,0
1676,unfunny,one,0
1677,unfunny,movie,0
1678,ungainly,movie,0
1679,uniformly,superb,4
1680,unimaginative,derivative,0
1681,unimpressively,fussy,0
1682,unique,memorable,4
1683,universal,appeal,4
1684,unlikable,uninteresting,0
1685,unmemorable,filler,0
1686,unpredictable,hilarious,4
1687,unpredictable,comedy,4
1688,unrepentantly,trashy,0
1689,unsatisfying,ending,0
1690,unstoppable,superman,4
1691,upbeat,ending,4
1692,uplifting,moving,4
1693,useless,movie,0
1694,utter,mush,0
1695,utter,sincerity,4
1696,utter,cuteness,4
1697,utter,tripe,0
1698,utterly,incompetent,0
1699,utterly,charming,4
1700,utterly,misplaced,0
1701,utterly,pointless,0
1702,utterly,delightful,4
1703,valuable,film,4
1704,vastly,entertaining,4
1705,verve,fun,4
1706,vibrant,intelligent,4
1707,vibrant,intoxicating,4
1708,vibrant,originality,4
1709,vibrantly,colored,4
1710,vicious,absurd,0
1711,vile,incoherent,0
1712,vile,enough,0
1713,violent,mindless,0
1714,virtually,unwatchable,0
1715,virtually,joyless,0
1716,virtuous,limits,4
1717,viscerally,exciting,4
1718,visual,delights,4
1719,visual,treat,4
1720,visual,hideousness,0
1721,visual,delight,4
1722,visually,masterful,4
1723,visually,atrocious,0
1724,visually,compelling,4
1725,visually,dazzling,4
1726,visually,graceful,4
1727,visually,stunning,4
1728,visually,ravishing,4
1729,visually,engrossing,4
1730,visually,unappealing,0
1731,vivid,performances,4
1732,vivid,imagination,4
1733,vulgar,sexist,0
1734,walked,movie,0
1735,want,see,4
1736,warm,fuzzy,4
1737,warm,exotic,4
1738,warm,heart,4
1739,warm,inviting,4
1740,warm,charming,4
1741,warmth,humor,4
1742,waste,time,0
1743,wastes,time,0
1744,watchable,film,4
1745,watching,painful,0
1746,watching,junk,0
1747,way,stagy,0
1748,way,cool,4
1749,weak,script,0
1750,weak,ineffective,0
1751,welcome,perspective,4
1752,well,made,4
1753,well,told,4
1754,well,executed,4
1755,well,done,4
1756,well,directed,4
1757,well,paced,4
1758,well,conceived,4
1759,well,produced,4
1760,well,written,4
1761,well,meaning,4
1762,well,worthwhile,4
1763,well,structured,4
1764,well,shot,4
1765,well,mounted,4
1766,well,expectations,0
1767,well,acted,4
1768,whimsical,humor,4
1769,white,trash,0
1770,whole,package,4
1771,wholesome,twist,4
1772,wickedly,fun,4
1773,wickedly,funny,4
1774,wildly,incompetent,0
1775,wildly,alive,4
1776,wildly,entertaining,4
1777,winning,tone,4
1778,winning,comedy,4
1779,winning,actor,4
1780,winning,shot,4
1781,winning,performances,4
1782,wins,still,4
1783,wins,vote,4
1784,wise,elegiac,4
1785,witless,mess,0
1786,witty,sophisticated,4
1787,women,shine,4
1788,women,spectacular,4
1789,wonderful,tale,4
1790,wonderful,thing,4
1791,wonderful,subject,4
1792,wonderful,ghastly,4
1793,wonderful,creatures,4
1794,wonderful,imaginative,4
1795,wonderful,cinematography,4
1796,wonderfully,loopy,4
1797,wonderfully,warm,4
1798,wonderfully,edited,4
1799,wonderfully,sympathetic,4
1800,wonderfully,speculative,4
1801,wonderous,accomplishment,4
1802,wondrous,beats,4
1803,wondrously,creative,4
1804,word,brilliant,4
1805,work,art,4
1806,worked,wonders,4
1807,works,smoothly,4
1808,works,beautifully,4
1809,works,superbly,4
1810,worn,threadbare,0
1811,worse,bland,0
1812,worse,imagine,0
1813,worse,routine,0
1814,worst,kind,0
1815,worst,thing,0
1816,worst,film,0
1817,worst,movie,0
1818,worst,comedy,0
1819,worst,movies,0
1820,worst,titles,0
1821,worst,films,0
1822,worst,dialogue,0
1823,worth,seeking,4
1824,worth,seeing,4
1825,worth,concentration,4
1826,worth,look,4
1827,worthless,film,0
1828,worthwhile,glimpse,4
1829,worthwhile,effort,4
1830,worthy,substitute,4
1831,worthy,devastating,4
1832,worthy,entry,4
1833,wow,fans,4
1834,wrenching,performances,4
1835,wretched,movie,0
1836,written,well,4
1837,year,best,4
1838,young,romantics,4
1839,zings,way,4
1840,TRUE,inspiration,4
1841,TRUE,talent,4
1842,TRUE,love,4
1843,TRUE,pleasure,4
1844,TRUE,delight,4
1845,TRUE,heartbreaking,4
