Word,Frequency
stupid,21
unfunny,15
pointless,14
suffers,13
tiresome,11
inept,10
irritating,9
appears,9
unnecessary,9
lousy,9
unfocused,8
plotting,8
incoherent,8
listless,8
choppy,8
thinks,8
fatal,7
soulless,7
muddled,7
awkward,7
lifeless,7
sour,7
unconvincing,7
cliched,6
vapid,6
busy,6
unlikable,6
leaden,6
unimaginative,6
sluggish,6
witless,6
inconsequential,6
humorless,6
amounts,5
preposterous,5
hollow,5
redundant,5
manufactured,5
convenient,5
disposable,5
damned,5
mechanical,5
shapeless,5
limp,5
stilted,5
vague,5
serving,5
insulting,5
frontal,5
built,5
stiff,5
collapses,5
screaming,5
preachy,5
grating,5
squanders,5
lackluster,5
labored,5
radical,4
random,4
considering,4
bleak,4
idiotic,4
slick,4
blatant,4
desired,4
excruciating,4
undone,4
flimsy,4
tepid,4
uninteresting,4
dubbed,4
drowned,4
cobbled,4
resembles,4
soggy,4
tried,4
sucked,4
disgusting,4
loose,4
die,4
fewer,4
insipid,4
stealing,4
distasteful,4
obligatory,4
charmless,4
sinks,4
flaccid,4
expecting,4
hokey,4
sordid,4
chuckles,3
hampered,3
slip,3
clunky,3
transparent,3
ready,3
misses,3
failing,3
depraved,3
visible,3
safe,3
bears,3
obscure,3
joyless,3
flailing,3
failed,3
mired,3
clueless,3
secondhand,3
vain,3
initial,3
anachronistic,3
unintentional,3
expects,3
geared,3
solemn,3
strained,3
slapdash,3
rejected,3
been,3
stinks,3
opening,3
unfulfilling,3
vast,3
artsy,3
anemic,3
stretched,3
unmemorable,3
timid,3
exact,3
unsympathetic,3
sweetest,3
opens,3
meant,3
redeeming,3
waterlogged,3
relentless,3
affected,3
undercut,3
whiny,3
irrelevant,3
immature,3
rushed,3
repeated,3
absurdist,3
plotless,3
prove,3
excited,3
crippled,3
detached,3
puerile,3
foolish,3
distant,3
says,3
animatronic,3
realizing,3
shoddy,3
wastes,3
tattered,3
mean,3
moronic,3
gross,3
experienced,3
sit,3
glorified,3
ruined,3
farcical,3
weighs,3
reach,3
dishonest,3
graceless,3
downbeat,3
guess,3
wooden,3
uninvolving,3
negligible,3
impersonal,3
pink,3
chosen,3
miserable,3
depressed,3
florid,3
read,3
monotonous,3
reduces,3
inexplicable,3
bogus,3
numbing,3
serve,2
processed,2
bygone,2
exalted,2
preemptive,2
favors,2
staring,2
shown,2
blank,2
threw,2
back,2
vile,2
throw,2
atrocious,2
ingratiating,2
stumbles,2
expensive,2
stand,2
implausible,2
cathartic,2
stagey,2
shaking,2
didactic,2
naked,2
overproduced,2
toothless,2
dragged,2
undermining,2
stifling,2
warmed,2
stagy,2
assume,2
imagined,2
dynamic,2
lapses,2
hardened,2
scarier,2
prurient,2
healthy,2
interminable,2
lower,2
drains,2
acts,2
exploiting,2
slack,2
pitiful,2
gained,2
celluloid,2
morbid,2
spits,2
broke,2
distanced,2
worthless,2
drowns,2
sap,2
cheering,2
flabby,2
seasonal,2
fumbles,2
futuristic,2
chasing,2
pulled,2
repellent,2
fool,2
lengthy,2
nuclear,2
slim,2
posing,2
assumes,2
rental,2
classified,2
insufferable,2
tacky,2
unwatchable,2
inappropriate,2
gimmicky,2
explains,2
straining,2
nicest,2
concocted,2
squandering,2
proven,2
brainless,2
decides,2
purposeless,2
pressed,2
racist,2
resembling,2
removed,2
referred,2
episodic,2
teen,2
fat,2
requisite,2
shoot,2
reactionary,2
rotten,2
overwritten,2
pregnant,2
blurry,2
topical,2
contriving,2
was,2
trotting,2
proficient,2
frantic,2
inauthentic,2
admitted,2
sticking,2
tosses,2
grotesque,2
pompous,2
proved,2
sacrifices,2
stuffy,2
tossed,2
wore,2
sprinkled,2
wishing,2
update,2
faced,2
unhappy,2
yawning,2
humble,2
fragmented,2
sabotaged,2
hypocritical,2
hopes,2
prevents,2
collective,2
loathsome,2
indicative,2
sparks,2
prolonged,2
figuring,2
forget,2
hopeless,2
sticky,2
did,2
haphazard,2
transgressive,2
putrid,2
credited,2
veers,2
jettisoned,2
stillborn,2
harder,2
forgets,2
derailed,2
bare,2
paying,2
cheesiest,2
unleashes,2
undistinguished,2
settle,2
leaky,2
unrewarding,2
introducing,2
sink,2
loveable,2
repulsive,2
finished,2
enter,2
amateur,2
costly,2
nonexistent,2
forgive,2
bordering,2
arbitrary,2
stolid,2
deliberate,2
sober,2
assuming,2
stacked,2
sharing,2
fail,2
unappealing,2
disintegrating,2
strives,2
stripped,2
laborious,2
flies,2
appeared,2
mid,2
releasing,2
described,2
besotted,2
sealed,2
hiding,2
connected,2
endurance,2
seemed,2
hindered,2
populated,2
sickening,2
naive,2
narrow,2
akin,2
passable,2
thrown,2
gaping,2
muddy,2
untalented,2
suffered,2
replacing,2
demographic,2
lumbering,2
ignoring,2
undermines,2
preordained,2
threadbare,2
transcendent,2
outdated,2
exploitive,2
crashing,2
futile,2
unfortunate,2
questionable,2
drab,2
bankrupt,2
shabby,2
alienating,2
unholy,2
exclamation,2
depicts,2
discernible,2
learned,2
tame,2
muted,2
soft,2
irresponsible,2
perfunctory,2
irksome,2
tawdry,2
amuses,1
frothing,1
paralyzed,1
unnamed,1
substitutable,1
freakish,1
plausible,1
hurt,1
reek,1
centers,1
blowing,1
reporting,1
mawkish,1
appreciate,1
attracts,1
coasting,1
focusing,1
scientific,1
regular,1
defensible,1
owe,1
capped,1
rehashes,1
achieved,1
pained,1
beware,1
trusted,1
plagued,1
superfluous,1
milquetoast,1
overripe,1
surfacey,1
wrestling,1
lackadaisical,1
thoughtless,1
unrealistic,1
bilked,1
recognized,1
dwindles,1
grievous,1
psychotic,1
flinging,1
overcooked,1
scummy,1
hostile,1
concentrating,1
burdened,1
spotty,1
fabricated,1
mends,1
progressed,1
thrilled,1
purports,1
unsophisticated,1
quashed,1
lacked,1
slumming,1
hairier,1
twitchy,1
oblivious,1
yelling,1
overplayed,1
explodes,1
sanitised,1
burlesque,1
larded,1
ensuing,1
engorged,1
assigned,1
stayed,1
prefeminist,1
restless,1
underrehearsed,1
gutless,1
unambitious,1
complaining,1
dignified,1
honks,1
wreaked,1
compromised,1
typed,1
unpaid,1
worshipful,1
pile,1
hubristic,1
stomps,1
defines,1
undermined,1
con,1
greasy,1
vidgame,1
agreed,1
cavorting,1
interpreting,1
badder,1
dissecting,1
shtick,1
hardass,1
unhidden,1
talked,1
ringing,1
petty,1
negative,1
sell,1
clownish,1
fogging,1
drying,1
ingest,1
unconcerned,1
wildest,1
execrable,1
tardier,1
tinny,1
tempted,1
workmanlike,1
enact,1
lax,1
register,1
skip,1
densest,1
compare,1
senseless,1
constricted,1
flopping,1
relayed,1
embalmed,1
tabloid,1
lowly,1
diminishing,1
furious,1
asked,1
spliced,1
emerged,1
overstays,1
nouvelle,1
vacuous,1
wrapping,1
muy,1
indulges,1
enacted,1
cheapo,1
explode,1
zoning,1
demonstrate,1
accumulated,1
trot,1
presume,1
skimpy,1
landbound,1
heaped,1
drinking,1
raucous,1
deposited,1
featured,1
fear,1
bewildered,1
submerged,1
tougher,1
erupt,1
mined,1
cockeyed,1
hobbled,1
resents,1
scalds,1
doubtful,1
communicating,1
plods,1
pay,1
cracked,1
abridged,1
fussing,1
requires,1
spousal,1
cynic,1
disingenuous,1
salvaged,1
spiteful,1
grossest,1
printed,1
unbreakable,1
mystic,1
uncharted,1
imaginary,1
projects,1
clicks,1
gaudy,1
underlay,1
alternate,1
searches,1
peevish,1
doltish,1
polite,1
styled,1
botched,1
dependable,1
polemical,1
decorous,1
poky,1
veering,1
frittered,1
ushered,1
defensive,1
dreaming,1
revolting,1
dreaded,1
titled,1
entered,1
undo,1
distracting,1
gussied,1
scorn,1
sketched,1
pollute,1
flimsier,1
porous,1
reassembled,1
amassed,1
mopes,1
inauspicious,1
homage,1
fusty,1
circular,1
squashed,1
imbecilic,1
botching,1
interchangeable,1
tied,1
drink,1
unentertaining,1
mattered,1
operative,1
counterproductive,1
suppose,1
provoked,1
retold,1
careening,1
fleeting,1
fertile,1
undramatic,1
paunchy,1
sacrificed,1
disconnects,1
quickie,1
shifted,1
conscious,1
bite,1
opulent,1
cello,1
culled,1
sent,1
justifies,1
aspired,1
presiding,1
sexist,1
snuck,1
useful,1
rediscovers,1
mugging,1
inconceivable,1
leers,1
rubbish,1
ransacked,1
bratty,1
ring,1
twice,1
modeled,1
copycat,1
drowning,1
hitchcockian,1
phlegmatic,1
impressionistic,1
detract,1
esteemed,1
gushy,1
fanatic,1
suspects,1
endorses,1
ragged,1
peopled,1
undeserved,1
unfulfilled,1
permitting,1
electrocute,1
crush,1
subsided,1
dystopian,1
ignites,1
sodden,1
attributable,1
behave,1
glamorous,1
freaking,1
ineffective,1
actorish,1
counting,1
kill,1
inadequate,1
matched,1
schizo,1
exasperating,1
negated,1
punishable,1
tiring,1
mingles,1
tacked,1
acquainted,1
rejigger,1
forgot,1
agile,1
lunar,1
gigantic,1
fudged,1
par,1
marvel,1
ramble,1
galled,1
strategic,1
dramatizing,1
patriotic,1
graze,1
underscoring,1
slathered,1
undertaken,1
unclear,1
buying,1
conforms,1
hated,1
deteriorates,1
fiendish,1
emulates,1
flicks,1
unseen,1
resides,1
lookin,1
degrades,1
inhuman,1
underlies,1
doubles,1
retail,1
emaciated,1
deviant,1
halfhearted,1
overladen,1
broiling,1
assaultive,1
operational,1
stuttering,1
titillating,1
uptight,1
bores,1
synthetic,1
fetid,1
uglier,1
elbowed,1
jostling,1
stodgy,1
nauseating,1
underutilized,1
ransacks,1
wishful,1
homosexual,1
rings,1
garbled,1
retrograde,1
flowery,1
boiled,1
vaunted,1
undergo,1
suits,1
poking,1
discloses,1
bodacious,1
converted,1
everlasting,1
humiliated,1
spoofy,1
emailed,1
driving,1
hurts,1
refers,1
crummy,1
reasonable,1
offset,1
hustling,1
italicized,1
rancorous,1
baked,1
unaccountable,1
imitating,1
produce,1
unattractive,1
odorous,1
capitalizes,1
strokes,1
stroked,1
coloured,1
evaporates,1
soapy,1
airs,1
reworks,1
overburdened,1
archival,1
slimed,1
soothing,1
prescribed,1
assert,1
macho,1
wearisome,1
fingering,1
myopic,1
stalls,1
exasperated,1
noticeable,1
bestowing,1
reprehensible,1
manipulating,1
uncreative,1
icky,1
soured,1
uncompelling,1
tainted,1
display,1
contemplates,1
yielded,1
drag,1
reigns,1
insignificant,1
dismissive,1
vexing,1
jovial,1
whiney,1
bugged,1
ran,1
perfervid,1
acidic,1
barbed,1
meet,1
unsatisfied,1
numb,1
journalistic,1
ensure,1
chokes,1
sporting,1
wades,1
stay,1
vacant,1
indistinct,1
beachcombing,1
coordinated,1
tighter,1
idling,1
firmer,1
substitutes,1
surround,1
relied,1
assures,1
prefabricated,1
uninventive,1
comfy,1
bitten,1
drunken,1
diverges,1
garish,1
chuckling,1
holy,1
catalytic,1
cutthroat,1
scuttled,1
opting,1
thumbing,1
therapeutic,1
splashing,1
lighter,1
saddest,1
strolls,1
unspeakable,1
wheedling,1
smeared,1
pointing,1
experiences,1
bombards,1
snap,1
guessable,1
punitive,1
gathering,1
extensive,1
generational,1
extracting,1
scooped,1
discarded,1
milking,1
frustrated,1
abhorrent,1
became,1
girlish,1
adroit,1
lugubrious,1
cheesier,1
fuelled,1
waged,1
downplaying,1
troubled,1
marketable,1
weighed,1
patchy,1
uncool,1
soporific,1
surviving,1
existent,1
progresses,1
risks,1
veered,1
folds,1
generate,1
reckless,1
unamusing,1
cheapen,1
riding,1
padding,1
appropriated,1
smooth,1
ancillary,1
acerbic,1
share,1
pornographic,1
unshapely,1
disgusted,1
near,1
overacted,1
odoriferous,1
crossed,1
petri,1
delusional,1
screams,1
encounters,1
eroded,1
unrecoverable,1
metropolitan,1
underwater,1
grizzled,1
charred,1
screwy,1
earthly,1
drops,1
conceited,1
skirts,1
guarantee,1
assign,1
sickly,1
tasteless,1
graduated,1
betrayed,1
crappy,1
despicable,1
rambles,1
kilted,1
spreading,1
hammering,1
intent,1
blustery,1
chatty,1
embellished,1
remained,1
begin,1
motionless,1
staggers,1
madcap,1
fetishistic,1
horrific,1
noisy,1
inadvertent,1
indignant,1
clotted,1
clean,1
twirling,1
bounces,1
scant,1
choke,1
expeditious,1
trimming,1
dumped,1
endured,1
racing,1
folksy,1
binary,1
sentimentalized,1
helpful,1
calculating,1
opposite,1
unexceptional,1
meaningless,1
blah,1
borderline,1
degenerates,1
unstoppable,1
repeating,1
cheatfully,1
jagged,1
blazing,1
speedy,1
marking,1
destructive,1
blacked,1
staggered,1
favourite,1
mutates,1
departs,1
cloudy,1
becalmed,1
nubile,1
guiding,1
underdone,1
stretch,1
shrieky,1
civilized,1
indecipherable,1
scripted,1
affluent,1
overdone,1
creaky,1
sleazy,1
slips,1
simpler,1
preferable,1
leaner,1
plummets,1
princesses,1
deploys,1
skeeved,1
weightless,1
standoffish,1
bedeviled,1
springs,1
impassive,1
strenuous,1
crushing,1
facial,1
blasting,1
stabbing,1
catastrophic,1
clamoring,1
famed,1
simpering,1
misconceived,1
prosaic,1
indifferent,1
suicidal,1
stretches,1
friggin,1
stare,1
virulent,1
harps,1
accuse,1
charitable,1
castrated,1
stars,1
schticky,1
groundbreaking,1
orchestrating,1
renders,1
disintegrates,1
fleeing,1
unbalanced,1
copy,1
cheats,1
contemptuous,1
battered,1
beg,1
sidesplitting,1
smeary,1
plumbed,1
gleaned,1
irreparable,1
discovered,1
indulged,1
insatiable,1
absorbs,1
whirling,1
straddles,1
redeemed,1
lazier,1
duking,1
misfiring,1
sufficient,1
penned,1
rhapsodize,1
dirgelike,1
cellular,1
wavers,1
electric,1
suggest,1
stuffing,1
reeked,1
shouting,1
lethargic,1
honoring,1
bestowed,1
upstaged,1
staying,1
spiritless,1
commenting,1
hurried,1
tested,1
bogging,1
gabbiest,1
mythologizing,1
abject,1
situates,1
musty,1
disabled,1
creepiest,1
bitchy,1
frolic,1
banged,1
hands,1
camouflaging,1
pleasuring,1
byzantine,1
jerking,1
mock,1
grave,1
childish,1
wind,1
pack,1
captive,1
invited,1
engendering,1
marred,1
disastrous,1
comparing,1
smutty,1
cranked,1
performing,1
alleged,1
unlikeable,1
voyeuristic,1
flails,1
pallid,1
chump,1
prepackaged,1
histrionic,1
eludes,1
muttering,1
dissing,1
happen,1
riddle,1
refused,1
plot,1
dampened,1
disreputable,1
substandard,1
threefold,1
collected,1
accompanying,1
unencouraging,1
elicit,1
antiseptic,1
grey,1
shakesperean,1
gloomy,1
unprovoked,1
returned,1
outward,1
analgesic,1
overstimulated,1
quaking,1
barf,1
moaning,1
favored,1
cribbed,1
closed,1
included,1
linking,1
outshined,1
iconic,1
rise,1
laconic,1
criticizing,1
critiquing,1
faltering,1
commiserating,1
crawling,1
elicited,1
spawned,1
overstylized,1
absent,1
military,1
dig,1
toss,1
directionless,1
scream,1
improvise,1
personified,1
persistent,1
woozy,1
abrupt,1
juiceless,1
recovering,1
switches,1
adopts,1
avoiding,1
shapable,1
snagged,1
misbegotten,1
divided,1
overinflated,1
recognizes,1
chewy,1
swaggers,1
trifling,1
attract,1
synergistic,1
dilutes,1
stalked,1
dazed,1
ongoing,1
haute,1
hallucinogenic,1
abiding,1
emphasizing,1
postapocalyptic,1
encumbers,1
registering,1
tiniest,1
uncouth,1
vicious,1
describing,1
invented,1
weaned,1
bypassing,1
dripping,1
wheezy,1
stink,1
unlaughable,1
shrugging,1
criticizes,1
writes,1
warning,1
raving,1
observe,1
unintended,1
unifying,1
thornier,1
bestial,1
accidental,1
outside,1
sole,1
derives,1
proverbial,1
tolerable,1
chirpy,1
popped,1
eating,1
rode,1
wending,1
cloaked,1
verges,1
infatuated,1
underdeveloped,1
drowsy,1
screwing,1
hellish,1
populating,1
meanspirited,1
revelled,1
boorish,1
dies,1
grumbling,1
sedate,1
overworked,1
overpowered,1
molested,1
eternal,1
puzzled,1
groggy,1
distorts,1
unsuccessful,1
evoked,1
lukewarm,1
scented,1
praying,1
finishing,1
rancid,1
nagging,1
sillified,1
theological,1
deem,1
fell,1
misplaced,1
proposes,1
cribbing,1
shoplifts,1
dawdle,1
understandable,1
mopping,1
moldering,1
skipping,1
call,1
doubt,1
peaked,1
stifles,1
homogenized,1
imitative,1
innumerable,1
dullingly,1
subordinate,1
credulous,1
hideous,1
yellow,1
cheapening,1
side,1
annoyed,1
recruiting,1
clamorous,1
smallest,1
fresher,1
irrepressible,1
referential,1
uninflected,1
repetitious,1
distinguish,1
addictive,1
leaning,1
inexpressible,1
revived,1
lemon,1
capricious,1
intermediary,1
salacious,1
ate,1
invulnerable,1
lashing,1
grouchy,1
terminal,1
inexcusable,1
calm,1
avalanches,1
preaches,1
dipped,1
inexpressive,1
pillages,1
incinerates,1
morose,1
unengaging,1
disposible,1
overrides,1
vicarious,1
learn,1
kills,1
innate,1
flattened,1
unfold,1
masochistic,1
meager,1
underwhelming,1
signing,1
dotted,1
actory,1
defined,1
distinguishable,1
handheld,1
appearing,1
succumb,1
defeats,1
edged,1
offended,1
afterschool,1
slanted,1
unembarrassing,1
drifts,1
list,1
paranormal,1
dudsville,1
warned,1
interior,1
jaglomized,1
labelled,1
dislikable,1
italicizes,1
tickled,1
faulty,1
obscured,1
jumbled,1
unread,1
pared,1
eschews,1
crackle,1
wiseacre,1
churlish,1
starving,1
indigestion,1
sorriest,1
thumbs,1
longest,1
generating,1
haranguing,1
spiffing,1
concerning,1
overachieving,1
monosyllabic,1
frightful,1
owed,1
wrecks,1
prechewed,1
decorating,1
stultifying,1
painless,1
distinguishes,1
distinguishing,1
afterthought,1
gesturing,1
unrequited,1
fried,1
homeric,1
sleepwalk,1
overblown,1
joint,1
teenaged,1
lulls,1
waking,1
mass,1
prostituted,1
snared,1
arguing,1
tantamount,1
unrelated,1
inelegant,1
treacle,1
forcing,1
miscalculates,1
skidding,1
rotting,1
wasting,1
desultory,1
whistle,1
faded,1
skipped,1
portraying,1
somnambulant,1
horrified,1
consumerist,1
harmed,1
insulted,1
curling,1
dabbles,1
illogical,1
snapping,1
lamer,1
justifying,1
contemptible,1
salient,1
smothered,1
unchanged,1
dozing,1
startled,1
decipherable,1
accompanied,1
sketchiest,1
leafing,1
shameful,1
em,1
slopped,1
seizing,1
droning,1
uphill,1
angling,1
unromantic,1
pyschological,1
knocks,1
spied,1
careless,1
whopping,1
doze,1
doting,1
prolific,1
stuffs,1
grandiloquent,1
avid,1
brainy,1
decommissioned,1
churns,1
lectured,1
violated,1
circumstantial,1
forewarned,1
mad,1
rampant,1
distressing,1
breathless,1
plastic,1
cipherlike,1
tidal,1
milked,1
needing,1
chopsocky,1
approaching,1
uninspiring,1
aiming,1
drunk,1
inside,1
expert,1
noticed,1
metaphysical,1
softheaded,1
further,1
procedural,1
unparalleled,1
mistaken,1
punched,1
agape,1
grasping,1
resulted,1
overflowing,1
septic,1
belittle,1
restored,1
unseemly,1
decrepit,1
temperamental,1
shooting,1
existing,1
overstated,1
warped,1
smack,1
gotten,1
laziest,1
represent,1
match,1
modernizes,1
plucks,1
dire,1
slapped,1
scuzzy,1
relocated,1
winking,1
limpid,1
mesmerised,1
undemanding,1
delinquent,1
heedless,1
fuddled,1
repugnant,1
glazed,1
demonic,1
strands,1
ungainly,1
consists,1
blond,1
worldly,1
jell,1
variable,1
cheapened,1
sturdiest,1
unaware,1
wretched,1
granted,1
mishandled,1
derisive,1
fixated,1
seated,1
suspecting,1
flck,1
virgin,1
disrobed,1
exposed,1
guarded,1
fancies,1
lucid,1
treads,1
languishing,1
irritates,1
saddens,1
invested,1
doubling,1
undergraduate,1
plenty,1
mimetic,1
okay,1
arrogant,1
producing,1
stupefying,1
lumpy,1
foundering,1
lighting,1
weighted,1
waters,1
theorizing,1
inert,1
illiterate,1
unpersuasive,1
unmotivated,1
inconclusive,1
flog,1
fluxing,1
encompassing,1
plastered,1
involve,1
cocky,1
bespeaks,1
worried,1
deleting,1
advanced,1
fussy,1
malleable,1
piecing,1
preliminary,1
unturned,1
flounders,1
adhering,1
results,1
mind,1
adept,1
perpetual,1
recognize,1
outlandish,1
invites,1
unflattering,1
act,1
interlocked,1
misleading,1
unexplained,1
tearing,1
bearable,1
inarticulate,1
imperious,1
leatherbound,1
waits,1
dusty,1
priggish,1
electoral,1
druggy,1
winged,1
substitute,1
intimidated,1
eroticized,1
contorting,1
confuses,1
unclean,1
unified,1
covered,1
blasphemous,1
tightened,1
grinds,1
mishandle,1
shriveled,1
sugary,1
withholds,1
disagreeable,1
haunted,1
cared,1
grayish,1
overweight,1
hyped,1
crawls,1
sending,1
inactive,1
conversational,1
uninitiated,1
rigged,1
sunk,1
dug,1
respond,1
sputters,1
lags,1
lurches,1
characterizes,1
bouncing,1
ordered,1
slaps,1
pubescent,1
scandalous,1
lulled,1
perpetrated,1
conceivable,1
hazy,1
