Word,Count
powerful,36
solid,33
warm,18
inventive,15
provides,15
refreshing,14
riveting,12
universal,11
enjoyed,10
dazzling,10
heartwarming,10
assured,10
vibrant,10
elegant,10
stirring,9
intoxicating,9
joyous,9
mesmerizing,9
stunning,9
playful,9
detailed,9
wry,8
bittersweet,8
spectacular,8
deft,8
crisp,8
heartbreaking,8
splendid,8
masterful,7
unpredictable,7
hopeful,7
pulls,7
startling,7
evocative,7
rewarding,7
musical,7
breathtaking,7
returns,6
delicious,6
harrowing,6
soulful,6
transcends,6
strikes,6
constant,6
celebrates,6
confident,6
sensual,6
combines,6
sympathetic,6
touched,6
whimsical,6
measured,6
understated,6
unforced,6
bringing,6
ingenious,6
thick,5
guessing,5
familial,5
uplifting,5
unnerving,5
potent,5
sparkling,5
outstanding,5
encouraging,5
faithful,5
draws,5
marks,5
builds,5
polished,5
adventurous,5
sobering,5
hypnotic,5
inspirational,5
delivering,5
irresistible,5
understands,5
impeccable,5
terrifying,5
transforms,4
stylized,4
shines,4
diverse,4
lifts,4
guaranteed,4
melancholy,4
popular,4
gory,4
exotic,4
fast,4
parable,4
embraces,4
idiosyncratic,4
incredible,4
capturing,4
manage,4
bracing,4
sly,4
distinctive,4
nuanced,4
pleasurable,4
taut,4
pleasing,4
invaluable,4
blue,4
speaks,4
managed,4
examines,4
inner,4
bring,4
spare,4
verbal,4
timeless,4
enormous,4
infuses,4
destined,4
explores,4
sustains,4
forceful,4
everyday,4
excels,4
expressive,4
extravagant,3
mythic,3
primary,3
understand,3
literate,3
lonely,3
hidden,3
reassuring,3
unknown,3
insane,3
wondrous,3
enigmatic,3
enduring,3
liberating,3
meditative,3
canny,3
challenges,3
nervy,3
glorious,3
woven,3
wide,3
cerebral,3
intact,3
help,3
layered,3
showcases,3
starting,3
enhances,3
catching,3
pointed,3
unconditional,3
ideal,3
cuts,3
infectious,3
born,3
lesser,3
surprised,3
stark,3
unpretentious,3
skillful,3
piercing,3
romp,3
strongest,3
metaphorical,3
alert,3
physical,3
illuminating,3
carry,3
wholesome,3
elusive,3
reminded,3
escapist,3
pulpy,3
inviting,3
likeable,3
unblinking,3
tuned,3
informative,3
sneaks,3
establishes,3
heroic,3
saves,3
breathes,3
radiant,3
reliable,3
denying,3
satisfies,3
iconoclastic,3
searing,3
ancient,3
sardonic,3
greater,3
suitable,3
allowing,3
objective,3
cheeky,3
relaxed,3
steals,3
arresting,3
legal,3
higher,3
elevates,3
grew,3
fits,3
sublime,3
tempting,3
charged,3
pertinent,3
spiced,3
beguiling,3
sprightly,3
communal,3
unforgettable,3
upper,3
symbolic,3
introspective,2
midlife,2
tricky,2
peppering,2
kooky,2
proud,2
recognizable,2
civic,2
compressed,2
succeed,2
achieving,2
delectable,2
unsurprising,2
idealistic,2
chooses,2
observed,2
cowering,2
aware,2
lectures,2
nostalgic,2
imbued,2
stooping,2
grieving,2
keen,2
retro,2
remember,2
sung,2
ominous,2
fused,2
injects,2
atmospheric,2
attached,2
suck,2
hallucinatory,2
sends,2
affectionate,2
blithe,2
heartening,2
consuming,2
expressing,2
kinky,2
subtlest,2
unhurried,2
calibrated,2
standing,2
humane,2
evoking,2
viewed,2
triple,2
double,2
transformed,2
painted,2
valiant,2
captured,2
blended,2
teeming,2
ranks,2
accomplishes,2
masculine,2
effecting,2
satiric,2
averting,2
opened,2
affirms,2
coping,2
leads,2
marching,2
exudes,2
crazed,2
accepts,2
multiple,2
fit,2
foster,2
repressed,2
sentimentalizing,2
effortless,2
balances,2
succumbing,2
massive,2
prevails,2
frothy,2
ethical,2
ebullient,2
rival,2
enriched,2
floating,2
unabashed,2
rests,2
separate,2
caffeinated,2
economic,2
moralistic,2
zings,2
nonjudgmental,2
evolved,2
enveloping,2
stimulating,2
elevate,2
careful,2
painterly,2
approaches,2
overrun,2
unflappable,2
reverent,2
tend,2
returning,2
updating,2
numerous,2
efficient,2
emerging,2
marked,2
affirming,2
represented,2
maternal,2
crackles,2
sporadic,2
splashed,2
inimitable,2
exceeds,2
seductive,2
recreates,2
resonate,2
fashioned,2
breaking,2
describes,2
unsubtle,2
analytical,2
permits,2
newfangled,2
highlighted,2
priceless,2
quaint,2
pop,2
express,2
melancholic,2
follow,2
freaky,2
embraced,2
scathing,2
unruly,2
unmistakable,2
applies,2
shameless,2
move,2
struggles,2
revisionist,2
doomed,2
elevated,2
menacing,2
pretty,2
am,2
leaping,2
acute,2
murderous,2
irrational,2
cunning,2
savage,2
enjoying,2
mixes,2
oppressive,2
anguished,2
chief,2
specific,2
crafty,2
unorthodox,2
fulfilling,2
persuasive,2
magnetic,2
hailed,2
redeems,2
rueful,2
heightened,2
spontaneous,2
stirs,2
blessed,2
economical,2
riveted,2
chafing,2
rapt,2
formed,2
gaze,2
shared,2
incapable,2
adorable,2
steady,2
improves,2
wondered,2
carved,2
impulsive,2
resorting,2
compassionate,2
robust,2
unexplainable,2
suspended,2
courageous,2
fly,2
logical,2
villainous,2
consummate,2
wicked,2
updated,2
chimes,2
corporate,2
desolate,2
colored,2
individual,2
underestimated,2
bumbling,2
improved,2
captivates,2
abandon,2
remaining,2
immaculate,2
conned,2
scarifying,2
weaving,2
manic,2
engages,2
care,2
bouncy,2
postmodern,2
wrenching,2
strict,2
educational,2
oozing,2
discovering,2
merges,2
form,2
quieter,2
awesome,2
cohesive,2
pristine,2
lean,2
jaded,2
shattering,2
feisty,2
heated,2
sassy,2
confronting,2
unknowable,2
kinetic,2
immigrant,2
illustrated,2
pursuing,2
steers,2
prim,2
centered,2
spiked,2
weaves,2
surefire,2
pleased,2
flawless,2
ripping,2
miraculous,2
smaller,2
dramatized,2
acknowledges,2
preteen,2
places,2
forbidden,2
jumps,2
spellbinding,2
facing,2
turbulent,2
rigid,2
eats,2
divine,2
occupied,2
wonder,2
embracing,2
exhausted,2
criminal,2
refreshed,2
languid,2
primal,2
foremost,2
adapted,2
historic,2
swooping,2
armed,2
scariest,2
collide,2
flying,2
centering,2
questioning,2
outer,2
unimaginable,2
fights,2
ecological,2
articulates,2
reflective,2
possess,2
restrained,2
humanistic,2
numbered,2
illustrating,2
thrives,2
tucked,2
closest,2
caustic,2
bolstered,2
psychedelic,2
thrilling,1
rooted,1
undergoing,1
bilingual,1
oddest,1
meaty,1
tackled,1
overeager,1
cradles,1
swaying,1
veiling,1
bind,1
arriving,1
skittish,1
maddening,1
comprehensible,1
rouses,1
swirling,1
threatens,1
seamless,1
evanescent,1
consoled,1
narcissistic,1
dared,1
hews,1
hooked,1
rhapsodizes,1
uncluttered,1
relays,1
truest,1
hungry,1
twisty,1
needless,1
omits,1
renowned,1
parapsychological,1
luscious,1
workable,1
outpaces,1
squeezed,1
lurks,1
esoteric,1
leaps,1
arch,1
trembling,1
matches,1
warmest,1
rely,1
beating,1
downplays,1
evolves,1
undeterminable,1
coheres,1
scratches,1
cannibal,1
organizing,1
misunderstood,1
multilayered,1
averse,1
lie,1
elicits,1
moist,1
reaffirming,1
anchoring,1
cheered,1
awards,1
glows,1
conniving,1
degrading,1
pasty,1
dispassionate,1
gasping,1
reacting,1
geographical,1
affects,1
streamlined,1
contributed,1
spout,1
comatose,1
controlled,1
rivals,1
luminous,1
depleted,1
publishing,1
wiser,1
forthright,1
bustling,1
doles,1
ne,1
immersive,1
treasured,1
joyful,1
forming,1
convey,1
basest,1
benevolent,1
subtly,1
captivated,1
crushed,1
fumes,1
pours,1
riled,1
silent,1
trust,1
recalling,1
cherished,1
fallible,1
urges,1
documenting,1
surveyed,1
shifting,1
iced,1
wintry,1
tumultuous,1
surrounds,1
lying,1
imagines,1
abound,1
unthinkable,1
unacceptable,1
tranquil,1
constrictive,1
seek,1
crave,1
squirts,1
gushing,1
blushing,1
manual,1
bless,1
cashing,1
fruitful,1
peels,1
subtitled,1
thump,1
internal,1
paved,1
livelier,1
unfolding,1
invokes,1
invigorating,1
horrid,1
infused,1
anthropomorphic,1
ruthless,1
hidebound,1
ensures,1
draggy,1
moviemaking,1
refined,1
whipping,1
urbane,1
forsaken,1
submerging,1
defuses,1
holographic,1
unadulterated,1
welcomes,1
transcend,1
imposed,1
denuded,1
domineering,1
preserves,1
communicates,1
twinkling,1
respects,1
mourns,1
brittle,1
lapping,1
overwhelms,1
ache,1
cornball,1
discursive,1
dreamlike,1
crystallize,1
unendurable,1
occur,1
stranded,1
mixing,1
demonstrated,1
niblet,1
laden,1
tinged,1
imagine,1
charting,1
energizing,1
surveys,1
seriocomic,1
tall,1
flow,1
unexplored,1
southern,1
cussing,1
answered,1
reflected,1
vintage,1
ideological,1
awarded,1
feeds,1
delves,1
establishing,1
launching,1
nails,1
queasy,1
integrates,1
faked,1
encompasses,1
dawns,1
admitting,1
ashamed,1
disciplined,1
torments,1
operatic,1
enhancing,1
steadfast,1
dualistic,1
preceded,1
cowardly,1
oozes,1
countless,1
goofiest,1
surest,1
lustrous,1
breathe,1
loyal,1
strays,1
cinemantic,1
gawky,1
spouting,1
garnered,1
privy,1
misconstrued,1
boiling,1
pondering,1
sunny,1
dimensional,1
mounting,1
creeps,1
temporal,1
compelled,1
tenacious,1
corrupt,1
blush,1
underplays,1
intergalactic,1
twentysomething,1
unreachable,1
drips,1
energized,1
ignite,1
depending,1
lowered,1
dolorous,1
trim,1
astringent,1
juiced,1
delirious,1
mounts,1
immense,1
steal,1
lagging,1
suggestive,1
prone,1
susceptible,1
stinging,1
unaffected,1
bruised,1
fascinates,1
savor,1
ponder,1
intersect,1
bourgeois,1
provincial,1
ticks,1
tie,1
emphasized,1
sulky,1
impudent,1
representing,1
adrenalized,1
commanding,1
assimilated,1
edifying,1
scared,1
tap,1
unerring,1
compels,1
adjusting,1
romanticized,1
gutsy,1
unguarded,1
dropped,1
swung,1
anteing,1
lucks,1
jolted,1
conspiratorial,1
online,1
ensues,1
transported,1
emphatic,1
brimming,1
coltish,1
neurotic,1
delight,1
bought,1
hardhearted,1
stuffed,1
disappoints,1
strangling,1
accompanies,1
devoted,1
adjective,1
threatened,1
abused,1
autistic,1
usurp,1
roll,1
purer,1
punchier,1
crisper,1
hypermasculine,1
emphasising,1
petite,1
validated,1
symbiotic,1
soaked,1
smoky,1
airy,1
jostles,1
swings,1
wartime,1
worry,1
splashy,1
exploratory,1
elysian,1
sought,1
sewing,1
deranged,1
flashing,1
conjuring,1
uncovers,1
teaming,1
led,1
methodical,1
reductive,1
hormonal,1
fears,1
imbue,1
taboo,1
slowed,1
societal,1
eclipses,1
prescient,1
refracting,1
boffo,1
immune,1
conspicuous,1
irrevocable,1
merge,1
jolly,1
strangest,1
organized,1
unwary,1
staggering,1
uncut,1
ballet,1
bawdy,1
dismal,1
achieve,1
dadaist,1
entertains,1
compulsive,1
pessimistic,1
neophyte,1
longtime,1
internalized,1
arcane,1
upping,1
exiled,1
victorious,1
cleaving,1
harks,1
revives,1
overlapping,1
refusing,1
retaining,1
archetypal,1
reside,1
dominant,1
reverberates,1
fosters,1
anchored,1
transform,1
honored,1
appetizing,1
gloss,1
telegraphs,1
slather,1
spicy,1
dreamy,1
spending,1
sunbaked,1
summery,1
coastal,1
distracts,1
focuses,1
companionable,1
hamming,1
trained,1
discussed,1
mini,1
precise,1
discordant,1
welcomed,1
retelling,1
treacly,1
illuminated,1
disarming,1
disoriented,1
flippant,1
tearful,1
watches,1
float,1
protecting,1
controlling,1
uncommitted,1
veteran,1
lightest,1
wrought,1
versatile,1
perennial,1
steamy,1
drum,1
fueled,1
complain,1
humbling,1
antic,1
melted,1
sorrowful,1
unhibited,1
claustrophic,1
planned,1
uncinematic,1
radiates,1
reshaping,1
wanton,1
perspicacious,1
normal,1
devious,1
lecherous,1
bravura,1
grungy,1
summertime,1
poses,1
retooled,1
slaloming,1
purposeful,1
overdoing,1
drives,1
powered,1
scored,1
squirming,1
educates,1
spoof,1
calls,1
rocky,1
debilitating,1
sleepless,1
introduces,1
nihilistic,1
cultivated,1
stuffiest,1
discerning,1
encourages,1
snappy,1
volatile,1
unresolved,1
unsolved,1
supple,1
extends,1
unstinting,1
face,1
giggling,1
feminine,1
spanning,1
continue,1
imperfect,1
faceless,1
tormented,1
describe,1
expanded,1
privileged,1
commands,1
recommend,1
preserving,1
nominated,1
undisputed,1
wobbly,1
reptilian,1
enlightened,1
attuned,1
sneers,1
frustrates,1
digs,1
freewheeling,1
bludgeoning,1
accept,1
unfurls,1
awakens,1
earthy,1
conquers,1
abrasive,1
burn,1
downsizing,1
collaborative,1
sparked,1
contagious,1
vivacious,1
awe,1
walks,1
overshadows,1
stellar,1
immortal,1
ambivalent,1
inflammatory,1
recorded,1
explicit,1
addressing,1
compromising,1
recharged,1
cogent,1
superhuman,1
marveling,1
zips,1
heralds,1
wispy,1
bristles,1
fateful,1
bewitched,1
survivable,1
stricken,1
justify,1
appreciates,1
infinite,1
acclaimed,1
tutorial,1
unsettled,1
forged,1
reinvigorated,1
intolerant,1
participatory,1
mystical,1
underscore,1
fatter,1
unapologetic,1
encourage,1
freshening,1
adorns,1
comprise,1
slickest,1
singular,1
infusing,1
wounding,1
wounded,1
deafening,1
unwavering,1
ineffable,1
retaliatory,1
whirlwind,1
examining,1
implies,1
lusty,1
unburdened,1
reassures,1
despairing,1
augmented,1
build,1
sprawling,1
trimmed,1
surehanded,1
scheming,1
anticipated,1
uproarious,1
untrained,1
oversized,1
refreshes,1
overstating,1
governmental,1
betting,1
depicted,1
grueling,1
buoy,1
mentioned,1
desirable,1
practical,1
accomodates,1
scoring,1
plunges,1
celebratory,1
sparking,1
persecuted,1
robbed,1
energizes,1
astounds,1
arthouse,1
avant,1
enlivens,1
dictates,1
auspicious,1
keenest,1
translating,1
plunging,1
streetwise,1
inferior,1
empathizes,1
floats,1
howling,1
cringing,1
forgoes,1
root,1
propulsive,1
stoops,1
maintained,1
continuing,1
imparted,1
overmanipulative,1
unconned,1
exhibit,1
entwined,1
irrigates,1
anatomical,1
stalking,1
contained,1
borders,1
occupational,1
subsequent,1
entering,1
ballsy,1
smitten,1
nightmarish,1
combine,1
televised,1
surrealistic,1
faint,1
gullible,1
shakespearean,1
shaky,1
cranky,1
quivering,1
ascends,1
computerized,1
prominent,1
virtuoso,1
amoral,1
artless,1
underlined,1
fluid,1
smartest,1
video,1
hermetic,1
undying,1
millennial,1
ripening,1
acknowledging,1
underlines,1
virtuosic,1
handed,1
combining,1
beloved,1
hunky,1
watery,1
darkest,1
enforced,1
withered,1
meticulous,1
utilizes,1
catapulting,1
breathing,1
kittenish,1
accumulates,1
omniscient,1
rapid,1
explored,1
deferred,1
figures,1
collect,1
featherweight,1
reaffirms,1
copious,1
harvesting,1
myriad,1
tooled,1
pissed,1
actorly,1
dependent,1
studied,1
springing,1
ghastly,1
elemental,1
civil,1
result,1
engulfed,1
indoctrinated,1
pivotal,1
strip,1
melds,1
glides,1
bundling,1
crazier,1
explosive,1
dense,1
rough,1
recreating,1
reclaiming,1
conclusive,1
counts,1
ivans,1
produces,1
seduce,1
implodes,1
decisive,1
determine,1
demeaning,1
pithy,1
sugarcoated,1
thorough,1
visualizing,1
amicable,1
crossover,1
masterly,1
protective,1
pandering,1
arctic,1
android,1
typifies,1
deliberative,1
extant,1
pre,1
characterized,1
superlative,1
conducted,1
climbing,1
receives,1
etched,1
ving,1
coy,1
acquires,1
confirms,1
indoor,1
exude,1
sympathizing,1
presenting,1
terrorist,1
tamer,1
flavorful,1
resurrecting,1
waltzed,1
tickles,1
excites,1
latin,1
overdue,1
treating,1
disturbed,1
revisiting,1
intrigued,1
geeked,1
expository,1
needy,1
touches,1
friendly,1
burgeoning,1
peter,1
aboriginal,1
agonizing,1
attentive,1
egregious,1
hardy,1
evasive,1
argues,1
meddles,1
megaplex,1
unreligious,1
attracting,1
requiring,1
espite,1
glosses,1
overcome,1
vowing,1
buffeted,1
labyrinthine,1
cross,1
opts,1
drive,1
faster,1
prettiest,1
baroque,1
yiddish,1
raffish,1
perfected,1
merited,1
formalist,1
lifelong,1
informed,1
wireless,1
exceeding,1
meeting,1
majestic,1
burnt,1
zany,1
savory,1
mimics,1
bubbly,1
advises,1
speak,1
artnering,1
expectant,1
native,1
risky,1
binging,1
seedy,1
wholesale,1
unrepentant,1
percolating,1
lifting,1
plucking,1
instructs,1
prickly,1
propels,1
masked,1
attending,1
narrated,1
herring,1
tipped,1
meatier,1
bluer,1
exalts,1
painting,1
joined,1
local,1
ladles,1
clashing,1
unstable,1
instructive,1
triumphant,1
seamy,1
explore,1
jealous,1
impresses,1
front,1
plex,1
trek,1
intrepid,1
crosses,1
checking,1
respecting,1
envelops,1
wonderous,1
honorable,1
outing,1
inventing,1
guiltless,1
glued,1
scooping,1
stammering,1
punny,1
disorientated,1
dizzy,1
toughest,1
skinny,1
sucking,1
occurs,1
rekindles,1
middling,1
clicking,1
simmering,1
prevalent,1
uninhibited,1
brave,1
fumbled,1
delighted,1
nurtured,1
humdrum,1
competing,1
unsung,1
awed,1
athletic,1
traveled,1
devastated,1
documented,1
undiminished,1
dour,1
fanatical,1
integrating,1
drastic,1
antsy,1
hooting,1
hear,1
few,1
shaken,1
stop,1
alienated,1
standardized,1
wittier,1
bloodletting,1
relieved,1
contemplative,1
lending,1
loneliest,1
virtuous,1
larky,1
influential,1
prepared,1
victimized,1
savaged,1
itinerant,1
encounter,1
dispossessed,1
valid,1
dominated,1
revigorates,1
raging,1
unscathed,1
overflows,1
embroils,1
send,1
twin,1
moviegoing,1
wake,1
flexible,1
minded,1
sparkles,1
glinting,1
enables,1
fashioning,1
entitled,1
sleeping,1
boosted,1
trivializing,1
unhinged,1
convinces,1
quixotic,1
published,1
rejects,1
shut,1
grabs,1
shakes,1
exit,1
enamored,1
resemble,1
embedded,1
restoring,1
collegiate,1
picaresque,1
shimmers,1
solipsistic,1
shedding,1
unnoticed,1
underappreciated,1
embodies,1
wound,1
humming,1
transporting,1
tendentious,1
smarter,1
mending,1
deemed,1
hired,1
pick,1
inseparable,1
outre,1
dorkier,1
spoofs,1
points,1
faraway,1
flabbergasting,1
wizened,1
convince,1
believes,1
broaches,1
painstaking,1
imparting,1
placed,1
comical,1
predict,1
fuses,1
consume,1
rarest,1
seeping,1
tonal,1
fantasized,1
enabling,1
brim,1
psychic,1
beats,1
coldest,1
recalls,1
practiced,1
surrealist,1
specialized,1
nurtures,1
introverted,1
elegiac,1
ample,1
supplies,1
flinching,1
spoken,1
employ,1
befuddling,1
formidable,1
mastering,1
serene,1
illuminates,1
eponymous,1
lingered,1
dare,1
doodled,1
varying,1
fidgeted,1
coughed,1
romped,1
principled,1
choosing,1
academic,1
roars,1
impish,1
survives,1
learns,1
messing,1
indispensable,1
judging,1
nonethnic,1
utilizing,1
throwaway,1
controversial,1
conveys,1
nonconformist,1
glancing,1
crooning,1
insinuating,1
interpersonal,1
handy,1
dicey,1
retiring,1
sultry,1
unexamined,1
propelled,1
aided,1
embarking,1
outdoes,1
recording,1
muting,1
accentuating,1
mischievous,1
pursued,1
venturesome,1
endangered,1
heavyweight,1
semimusical,1
handling,1
skilled,1
photographic,1
suggesting,1
pull,1
struggle,1
certified,1
palatable,1
bursting,1
stray,1
encountering,1
reenacting,1
caricature,1
radioactive,1
leanest,1
meanest,1
marveled,1
recessive,1
unfussily,1
hush,1
subjected,1
grateful,1
traced,1
concludes,1
irreconcilable,1
lesbian,1
rhapsodic,1
commended,1
beckons,1
prepare,1
steaming,1
rapturous,1
hagiographic,1
pronounced,1
mournful,1
conflicted,1
unimpeachable,1
verging,1
funky,1
cleverest,1
transfixes,1
espoused,1
classy,1
master,1
rounded,1
holistic,1
undogmatic,1
neglecting,1
mortal,1
streamed,1
restrictive,1
backed,1
founding,1
orchestrated,1
unslick,1
enhanced,1
bucked,1
unfilmable,1
pixilated,1
provokes,1
expressionistic,1
receive,1
underrated,1
dogged,1
impressionable,1
upfront,1
secondary,1
anarchic,1
achronological,1
seater,1
gliding,1
hovering,1
assembles,1
ill,1
laced,1
stick,1
forgivable,1
optic,1
concrete,1
broader,1
wander,1
contentious,1
reeking,1
fiery,1
omnibus,1
grounded,1
evolve,1
amiss,1
affords,1
advancing,1
subjective,1
hourlong,1
nervous,1
shoots,1
drumming,1
graces,1
befallen,1
accused,1
undisciplined,1
unleashed,1
perplexing,1
depends,1
stepped,1
comforting,1
fabulous,1
noteworthy,1
bowling,1
check,1
giggly,1
argue,1
welled,1
naval,1
reopens,1
compatible,1
eventful,1
aching,1
dispatching,1
nonchalant,1
meshes,1
contribute,1
recreated,1
ravaging,1
rated,1
punctuated,1
lays,1
interweaves,1
began,1
personable,1
instilled,1
corniest,1
upsetting,1
vainglorious,1
managing,1
contributes,1
intrusive,1
establish,1
causes,1
fictional,1
romanced,1
underconfident,1
rural,1
unadorned,1
joins,1
bedevilling,1
treated,1
aging,1
ethereal,1
pitted,1
shimmering,1
mordant,1
imaginable,1
dehumanizing,1
cautions,1
coupled,1
unfakable,1
vocalized,1
aerial,1
exuberant,1
expresses,1
separates,1
plaguing,1
globalizing,1
automatic,1
gluing,1
floundering,1
patting,1
throbbing,1
elderly,1
talks,1
linear,1
indecent,1
chronicles,1
surrendering,1
infantilized,1
populates,1
chilled,1
oral,1
maladjusted,1
narcotized,1
grooved,1
gracious,1
teetering,1
ghoulish,1
excepting,1
encountered,1
believed,1
servicable,1
